frame,seconds,card_rows,paper_pixels,card_area,paper_fraction,suspect
0,0.0,753,314,668664,0.0004695930990751708,False
1,0.045067,753,313,668664,0.0004680975796513645,False
2,0.051244,753,310,668664,0.00046361102137994567,False
3,0.067856,753,306,668664,0.00045762894368472055,False
4,0.084911,753,312,668664,0.0004666020602275582,False
5,0.101422,753,302,668664,0.0004516468659894955,False
6,0.118022,753,302,668664,0.0004516468659894955,False
7,0.1348,753,334,668664,0.0004995034875512963,False
8,0.151267,1160,2046,1030080,0.0019862534948741845,False
9,0.180889,1160,1710,1030080,0.0016600652376514446,False
10,0.201522,1160,1670,1030080,0.001621233302267785,False
11,0.218311,1160,1711,1030080,0.001661036036036036,False
12,0.234078,1161,1677,1030968,0.0016266266266266266,False
13,0.255089,1161,1638,1030968,0.0015887981004260073,False
14,0.274111,1161,823,1030968,0.0007982788990540928,False
15,0.302656,1161,809,1030968,0.0007846994281102809,False
16,0.319044,1161,782,1030968,0.000758510448432929,False
17,0.335533,1161,768,1030968,0.000744930977489117,False
18,0.351378,1161,781,1030968,0.0007575404862226568,False
19,0.368311,1161,775,1030968,0.000751720712961023,False
20,0.3852,1159,517,1029192,0.00050233581294841,False
21,0.401844,1163,530,1032744,0.000513195913023944,False
22,0.419033,1163,530,1032744,0.000513195913023944,False
23,0.435167,1163,427,1032744,0.0004134616129457058,False
24,0.452033,1163,388,1032744,0.0003756981401005477,False
25,0.469167,1163,383,1032744,0.0003708566692229633,False
26,0.484878,1163,388,1032744,0.0003756981401005477,False
27,0.503422,1163,386,1032744,0.00037376155174951393,False
28,0.519589,1163,371,1032744,0.0003592371391167608,False
29,0.535578,1165,1867,1034520,0.00180470169740556,False
30,0.5518,1165,1842,1034520,0.0017805359007075745,False
31,0.568856,1165,1870,1034520,0.0018076015930093183,False
32,0.586267,1165,1901,1034520,0.0018375671809148205,False
33,0.601544,1165,1865,1034520,0.0018027684336697212,False
34,0.618278,1165,1844,1034520,0.0017824691644434134,False
35,0.635456,1165,1833,1034520,0.0017718362138962997,False
36,0.653022,1165,1820,1034520,0.0017592699996133473,False
37,0.668878,1165,1820,1034520,0.0017592699996133473,False
38,0.6858,1157,1808,1027416,0.0017597545687433327,False
39,0.702056,1157,1762,1027416,0.0017149820520607037,False
40,0.802056,1157,1732,1027416,0.0016857825846589892,False
41,0.819344,1157,1710,1027416,0.0016643696418977318,False
42,0.919344,1156,1751,1026528,0.0017057498675145733,False
43,1.019344,1155,1717,1025640,0.001674076674076674,False
44,1.119344,1155,1708,1025640,0.0016653016653016652,False
45,1.219344,1155,1695,1025640,0.0016526266526266527,False
46,1.319344,1155,1685,1025640,0.001642876642876643,False
47,1.419344,1155,1666,1025640,0.0016243516243516244,False
48,1.519344,1156,1667,1026528,0.0016239206334362044,False
49,1.554833,1158,1653,1028304,0.0016075012836670867,False
50,1.654833,1158,1641,1028304,0.001595831582878215,False
51,1.672156,1159,1654,1029192,0.0016070859470341784,False
52,1.772156,1168,1623,1037184,0.0015648139577934099,False
53,1.872156,1167,1636,1036296,0.0015786995221442521,False
54,1.972156,1167,1618,1036296,0.0015613299674996333,False
55,2.072156,1167,1623,1036296,0.0015661548437898053,False
56,2.172133,1167,1623,1036296,0.0015661548437898053,False
57,2.272133,1168,1491,1037184,0.0014375462791558682,False
58,2.287567,1168,1454,1037184,0.001401872763174133,False
59,2.387567,1168,1425,1037184,0.0013739124398370974,False
60,2.487567,1168,1405,1037184,0.0013546294582253487,False
61,2.587567,1163,1401,1032744,0.0013565801398991424,False
62,2.687567,1163,1346,1032744,0.0013033239602457144,False
63,2.787567,1163,1312,1032744,0.0012704019582781406,False
64,2.887567,1163,1313,1032744,0.0012713702524536573,False
65,2.937578,1169,1244,1038072,0.001198375449872456,False
66,2.953,1169,1228,1038072,0.0011829622608065722,False
67,2.968778,1185,1232,1052280,0.0011707910442087658,False
68,2.985922,1183,1218,1050504,0.0011594434671357747,False
69,3.003178,1194,1136,1060272,0.0010714231819759458,False
70,3.020789,1204,1126,1069152,0.0010531711113106461,False
71,3.036044,1217,1137,1080696,0.001052099757933776,False
72,3.052144,1227,1133,1089576,0.0010398540349640594,False
73,3.068811,1228,1138,1090464,0.0010435924523872406,False
74,3.084978,1227,1110,1089576,0.0010187449062754685,False
75,3.102267,1219,1130,1082472,0.0010439069093704041,False
76,3.118078,1207,1092,1071816,0.0010188315904968764,False
77,3.135333,1194,1101,1060272,0.0010384127846439404,False
78,3.184711,1178,1099,1046064,0.0010506049343061228,False
79,3.200867,1176,1088,1044288,0.0010418581847153276,False
80,3.217689,1179,1070,1046952,0.0010220143807930068,False
81,3.234578,1179,1046,1046952,0.0009990906937471823,False
82,3.252478,1178,1035,1046064,0.000989423209287386,False
83,3.268733,1179,1051,1046952,0.001003866461881729,False
84,3.287289,1179,1048,1046952,0.001001001001001001,False
85,3.302378,1179,1032,1046952,0.0009857185429704514,False
86,3.3186,1180,1034,1047840,0.000986791876622385,False
87,3.339211,1178,1057,1046064,0.0010104544272625767,False
88,3.352211,1180,1052,1047840,0.0010039700717666819,False
89,3.368333,1178,1059,1046064,0.0010123663561694121,False
90,3.386,1177,1071,1045176,0.001024707800408735,False
91,3.402178,1177,1074,1045176,0.0010275781303818686,False
92,3.418578,1177,1028,1045176,0.0009835664041271518,False
93,3.436233,1176,1044,1044288,0.0009997242140099283,False
94,3.452122,1167,1052,1036296,0.001015153971452172,False
95,3.469189,1169,1064,1038072,0.0010249770728812644,False
96,3.486022,1168,1050,1037184,0.0010123565346168086,False
97,3.503022,1159,1052,1029192,0.00102216107392984,False
98,3.519367,1148,1057,1019424,0.0010368600307624697,False
99,3.535778,1135,1060,1007880,0.0010517125054569987,False
100,3.552111,1124,1063,998112,0.0010650107402776442,False
101,3.568544,1113,1058,988344,0.0010704774855718252,False
102,3.5859,1102,1055,978576,0.0010780971534147578,False
103,3.602144,1091,1065,968808,0.0010992890232120296,False
104,3.618656,1083,1065,961704,0.0011074093484065783,False
105,3.634967,1083,1071,961704,0.0011136482743130942,False
106,3.651967,1083,1064,961704,0.001106369527422159,False
107,3.669878,1083,1064,961704,0.001106369527422159,False
108,3.685767,1083,1069,961704,0.0011115686323442556,False
109,3.702111,1083,1068,961704,0.0011105288113598363,False
110,3.718756,1093,1056,970584,0.0010880047476570806,False
111,3.735622,1105,1052,981240,0.0010721128368187192,False
112,3.751856,1116,1064,991008,0.0010736542994607512,False
113,3.768956,1128,1068,1001664,0.0010662258002683534,False
114,3.7855,1139,1060,1011432,0.00104801904626312,False
115,3.802656,1150,1058,1021200,0.001036036036036036,False
116,3.818311,1161,1064,1030968,0.0010320397917297141,False
117,3.836978,1171,1084,1039848,0.0010424600518537325,False
118,3.851656,1182,1070,1049616,0.0010194204356640906,False
119,3.869233,1192,1074,1058496,0.0010146471975331036,False
120,3.887467,1202,1082,1067376,0.0010137008889088755,False
121,3.902478,1201,1090,1066488,0.0010220461927372836,False
122,3.919956,1201,1153,1066488,0.0010811185873633835,False
123,3.936433,1201,1168,1066488,0.0010951834432267405,False
124,3.952422,1201,1175,1066488,0.0011017470426296404,False
125,3.969456,1201,1176,1066488,0.0011026846996871975,False
126,3.985778,1201,1201,1066488,0.0011261261261261261,False
127,4.002911,1201,1186,1066488,0.001112061270262769,False
128,4.020056,1201,1156,1066488,0.0010839315585360549,False
129,4.036544,1202,1173,1067376,0.001098956693798624,False
130,4.053078,1202,1164,1067376,0.0010905248010073302,False
131,4.069744,1202,1162,1067376,0.0010886510470537092,False
132,4.086611,1202,1150,1067376,0.0010774085233319843,False
133,4.103267,1202,1154,1067376,0.0010811560312392258,False
134,4.120167,1202,1166,1067376,0.001092398554960951,False
135,4.136511,1202,1179,1067376,0.0011045779556594865,False
136,4.152811,1201,1178,1066488,0.0011045600138023118,False
137,4.170767,1202,1161,1067376,0.0010877141700768988,False
138,4.186567,1201,1161,1066488,0.0010886198438238405,False
139,4.203422,1201,1167,1066488,0.0010942457861691833,False
140,4.219322,1201,1169,1066488,0.0010961211002842976,False
141,4.236089,1201,1193,1066488,0.001118624869665669,False
142,4.253456,1200,1219,1065600,0.0011439564564564564,False
143,4.269278,1200,1224,1065600,0.0011486486486486486,False
144,4.2861,1201,1231,1066488,0.0011542558378528404,False
145,4.302678,1203,1230,1068264,0.0011514007773359394,False
146,4.319156,1202,1166,1067376,0.001092398554960951,False
147,4.335544,1201,1052,1066488,0.000986415224550112,False
148,4.352344,1202,979,1067376,0.0009172025602974022,False
149,4.3695,1202,958,1067376,0.0008975281437843834,False
150,4.385767,1202,909,1067376,0.0008516211719206728,False
151,4.402644,1202,898,1067376,0.0008413155251757582,False
152,4.420111,1201,845,1066488,0.000792320213635784,False
153,4.437267,1201,808,1066488,0.0007576269025061698,False
154,4.452933,1200,796,1065600,0.000746996996996997,False
155,4.470811,1200,805,1065600,0.000755442942942943,False
156,4.486622,1201,789,1066488,0.0007398114184125841,False
157,4.503444,1199,821,1064712,0.0007711005417427436,False
158,4.520911,1199,825,1064712,0.0007748574262335731,False
159,4.536678,1201,821,1066488,0.0007698164442544127,False
160,4.5532,1199,827,1064712,0.0007767358684789877,False
161,4.569511,1200,810,1065600,0.0007601351351351352,False
162,4.586856,1199,730,1064712,0.0006856314195763737,False
163,4.604811,1201,605,1066488,0.0005672825198220702,False
164,4.619944,1201,604,1066488,0.000566344862764513,False
165,4.637344,1199,581,1064712,0.0005456874722929769,False
166,4.654289,1200,584,1065600,0.000548048048048048,False
167,4.670522,1201,512,1066488,0.0004800804134692561,False
168,4.686589,1202,384,1067376,0.00035976075909520167,False
169,4.703544,1202,367,1067376,0.00034383385048942453,False
170,4.720278,1202,374,1067376,0.0003503919893270975,False
171,4.7367,1203,374,1068264,0.0003501007241655621,False
172,4.753456,1204,357,1069152,0.00033390949088623505,False
173,4.770311,1203,362,1068264,0.0003388675458500895,False
174,4.786722,1203,375,1068264,0.00035103682235851813,False
175,4.804344,1203,370,1068264,0.0003463563313937379,False
176,4.820367,1202,396,1067376,0.00037100328281692674,False
177,4.837444,1201,439,1066488,0.0004116314482675848,False
178,4.853978,1202,435,1067376,0.0004075414849125332,False
179,4.870278,1202,439,1067376,0.00041128899281977485,False
180,4.886844,1201,469,1066488,0.00043976115999429905,False
181,4.904111,1201,547,1066488,0.0005128984104837561,False
182,4.919422,1201,549,1066488,0.0005147737245988703,False
183,4.936222,1202,582,1067376,0.0005452624005036651,False
184,4.952467,1202,577,1067376,0.0005405780156196129,False
185,4.969989,1202,596,1067376,0.000558378678179011,False
186,4.986211,1202,609,1067376,0.0005705580788775464,False
187,5.002456,1201,634,1066488,0.0005944745744912273,False
188,5.019556,1190,640,1056720,0.0006056476644711938,False
189,5.036789,1175,749,1043400,0.0007178455050795477,False
190,5.053189,1175,685,1043400,0.0006565075714011884,False
191,5.070511,1175,690,1043400,0.0006612995974698102,False
192,5.170511,1175,641,1043400,0.0006143377419973165,False
193,5.188111,1175,647,1043400,0.0006200881732796626,False
194,5.204289,1174,661,1042512,0.0006340454594287644,False
195,5.304289,1174,647,1042512,0.0006206163574136317,False
196,5.320856,1174,681,1042512,0.0006532298908789539,False
197,5.383833,1169,561,1038072,0.0005404249416225464,False
198,5.404178,1169,546,1038072,0.0005259750768732805,False
199,5.419711,1169,536,1038072,0.0005163418337071032,False
200,5.436433,1157,484,1027416,0.0004710847407476621,False
201,5.4535,1147,490,1018536,0.00048108265196320995,False
202,5.469922,1136,499,1008768,0.0004946627965994163,False
203,5.486378,1126,499,999888,0.0004990558942601571,False
204,5.503033,1115,506,990120,0.000511049165757686,False
205,5.519911,1103,495,979464,0.0005053784518879714,False
206,5.536856,1103,487,979464,0.0004972107193322062,False
207,5.554211,1093,475,970584,0.0004893960749404482,False
208,5.569533,1081,460,959928,0.00047920260686218135,False
209,5.586233,1071,442,951048,0.0004647504647504648,False
210,5.602967,1060,432,941280,0.00045894951555328913,False
211,5.620422,1038,426,921744,0.00046216736968182056,False
212,5.635922,1038,416,921744,0.0004513183703935149,False
213,5.652844,1038,423,921744,0.00045891266989532884,False
214,5.669444,1049,420,931512,0.000450879859840775,False
215,5.686611,1060,445,941280,0.00047276049634540203,False
216,5.704033,1071,421,951048,0.00044266956031661914,False
217,5.720078,1093,431,970584,0.00044406254378806986,False
218,5.736767,1093,419,970584,0.00043169885347378486,False
219,5.753267,1097,432,974136,0.000443469905639459,False
220,5.770733,1097,447,974136,0.0004588681662519402,False
221,5.786278,1098,473,975024,0.0004851162638047884,False
222,5.803822,1098,474,975024,0.00048614187958450256,False
223,5.819989,1098,480,975024,0.0004922955742627874,False
224,5.836633,1098,478,975024,0.0004902443427033591,False
225,5.853733,1098,455,975024,0.00046665517976993387,False
226,5.870089,1098,481,975024,0.0004933211900425015,False
227,5.8872,1098,467,975024,0.00047896256912650356,False
228,5.903733,1098,465,975024,0.00047691133756707526,False
229,5.920378,1098,450,975024,0.00046152710087136317,False
230,5.9364,1098,452,975024,0.00046357833243079147,False
231,5.954289,1098,450,975024,0.00046152710087136317,False
232,5.969456,1098,450,975024,0.00046152710087136317,False
233,5.988922,1097,449,974136,0.0004609212676669377,False
234,6.003322,1097,453,974136,0.00046502747049693267,False
235,6.020078,1109,459,984792,0.000466088270416494,False
236,6.037778,1117,527,991896,0.0005313057014041795,False
237,6.053967,1132,616,1005216,0.0006128036163371853,False
238,6.0703,1143,637,1014984,0.000627596100037045,False
239,6.086889,1154,653,1024752,0.0006372273486658235,False
240,6.103233,1165,686,1034520,0.0006631094613927232,False
241,6.1206,1176,717,1044288,0.0006865922044493473,False
242,6.136433,1187,668,1054056,0.000633742419757584,False
243,6.153489,1198,662,1063824,0.0006222833852216156,False
244,6.170367,1209,681,1073592,0.0006343191827062795,False
245,6.186511,1220,696,1083360,0.0006424457244129376,False
246,6.203467,1232,696,1094016,0.0006361881361881362,False
247,6.219889,1244,689,1104672,0.0006237145505634252,False
248,6.236667,1255,686,1114440,0.0006155557948386634,False
249,6.254533,1266,727,1124208,0.0006466774831703742,False
250,6.269678,1274,668,1131312,0.0005904648761791618,False
251,6.286444,1274,644,1131312,0.0005692505692505693,False
252,6.303311,1274,647,1131312,0.0005719023576166433,False
253,6.320367,1274,660,1131312,0.0005833934405362976,False
254,6.336922,1274,654,1131312,0.0005780898638041495,False
255,6.354,1274,692,1131312,0.0006116791831077545,False
256,6.369733,1274,699,1131312,0.0006178666892952607,False
257,6.386544,1274,662,1131312,0.0005851612994470137,False
258,6.403578,1274,671,1131312,0.000593116664545236,False
259,6.420833,1274,678,1131312,0.0005993041707327421,False
260,6.436889,1274,667,1131312,0.0005895809467238039,False
261,6.453978,1274,674,1131312,0.00059576845291131,False
262,6.471011,1274,670,1131312,0.0005922327350898779,False
263,6.486822,1274,672,1131312,0.000594000594000594,False
264,6.504856,1274,664,1131312,0.0005869291583577297,False
265,6.5201,1274,623,1131312,0.0005506880506880507,False
266,6.5365,1273,603,1130424,0.0005334281650071124,False
267,6.553533,1273,605,1130424,0.0005351974126522437,False
268,6.570044,1274,605,1131312,0.0005347773204916062,False
269,6.586544,1274,619,1131312,0.0005471523328666186,False
270,6.602967,1274,619,1131312,0.0005471523328666186,False
271,6.620244,1274,621,1131312,0.0005489201917773346,False
272,6.636556,1264,625,1122432,0.0005568266050860988,False
273,6.653256,1252,625,1111776,0.0005621636013009815,False
274,6.670467,1240,624,1101120,0.0005666957279860505,False
275,6.686844,1232,640,1094016,0.000585000585000585,False
276,6.704011,1221,632,1084248,0.0005828924747843667,False
277,6.720356,1210,619,1074480,0.000576092621547167,False
278,6.737156,1199,631,1064712,0.0005926485284283449,False
279,6.754289,1187,630,1054056,0.0005976912042623922,False
280,6.770556,1176,626,1044288,0.0005994514923086351,False
281,6.787444,1165,633,1034520,0.0006118779723929939,False
282,6.8039,1154,608,1024752,0.0005933142848220837,False
283,6.820556,1145,590,1016760,0.0005802745977418467,False
284,6.836933,1131,584,1004328,0.0005814833401040297,False
285,6.854144,1120,576,994560,0.0005791505791505791,False
286,6.870722,1109,573,984792,0.0005818487558794141,False
287,6.887689,1099,565,975912,0.0005789456426399101,False
288,6.903389,1098,574,975024,0.0005887034575559165,False
289,6.920122,1097,579,974136,0.0005943728596417749,False
290,6.936367,1097,567,974136,0.0005820542511517899,False
291,6.953422,1097,566,974136,0.0005810277004442911,False
292,6.970667,1096,562,973248,0.0005774478858420464,False
293,6.987011,1096,574,973248,0.0005897777339383179,False
294,7.003344,1097,585,974136,0.0006005321638867673,False
295,7.020322,1096,587,973248,0.0006031350693759453,False
296,7.036422,1096,585,973248,0.0006010800946932333,False
297,7.053533,1096,755,973248,0.0007757529427237456,False
298,7.070044,1096,757,973248,0.0007778079174064576,False
299,7.087411,1096,908,973248,0.0009329585059512067,False
300,7.1037,1096,862,973248,0.0008856940882488327,False
301,7.120944,1096,892,973248,0.0009165187084895114,False
302,7.137033,1097,897,974136,0.0009208159846263766,False
303,7.153933,1096,1006,973248,0.0010336522654040901,False
304,7.171333,1096,1023,973248,0.0010511195502071414,False
305,7.186878,1096,1020,973248,0.0010480370881830736,False
306,7.2037,1097,1020,974136,0.0010470817216487226,False
307,7.220367,1097,1002,974136,0.0010286038089137451,False
308,7.237489,1097,988,974136,0.0010142320990087627,False
309,7.253856,1097,985,974136,0.0010111524468862665,False
310,7.270211,1096,962,973248,0.0009884428223844283,False
311,7.287667,1097,976,974136,0.0010019134905187776,False
312,7.304422,1094,965,971472,0.0009933379448918754,False
313,7.320378,1092,1092,969696,0.0011261261261261261,False
314,7.336733,1094,1427,971472,0.0014689049195447733,False
315,7.353844,1093,1613,970584,0.0016618860397451432,False
316,7.370311,1094,1479,971472,0.0015224319383368744,False
317,7.387444,1095,1475,972360,0.0015169278867909004,False
318,7.403211,1097,1474,974136,0.001513135742853154,False
319,7.420078,1096,1508,973248,0.0015494509107647793,False
320,7.436933,1097,1538,974136,0.0015788349881330737,False
321,7.454011,1096,1500,973248,0.0015412310120339317,False
322,7.469844,1096,1499,973248,0.0015402035246925758,False
323,7.487078,1097,1446,974136,0.001484392323043189,False
324,7.503089,1097,1445,974136,0.0014833657723356904,False
325,7.5215,1097,1454,974136,0.001492604728703179,False
326,7.537222,1097,1453,974136,0.0014915781779956802,False
327,7.637222,1097,1482,974136,0.001521348148513144,False
328,7.654844,1095,1475,972360,0.0015169278867909004,False
329,7.754844,1095,1462,972360,0.0015035583528734213,False
330,7.833644,1097,1464,974136,0.0015028702357781664,False
331,7.854356,1097,1504,974136,0.0015439322640781164,False
332,7.870189,1097,1409,974136,0.0014464099468657354,False
333,7.886867,1096,1374,973248,0.0014117676070230815,False
334,7.903556,1096,1372,973248,0.0014097126323403696,False
335,7.919967,1096,1371,973248,0.0014086851449990137,False
336,7.936633,1099,1379,975912,0.0014130372410627188,False
337,7.9534,1110,1354,985680,0.0013736709682655628,False
338,7.971578,1121,1325,995448,0.001331058980479141,False
339,7.987711,1132,1319,1005216,0.001312155795371343,False
340,8.003956,1135,1298,1007880,0.0012878517283803628,False
341,8.021011,1135,1274,1007880,0.001264039369766242,False
342,8.0374,1135,1268,1007880,0.0012580862801127117,False
343,8.054222,1135,1264,1007880,0.0012541175536770251,False
344,8.0709,1135,1229,1007880,0.0012193911973647656,False
345,8.087933,1135,1252,1007880,0.0012422113743699647,False
346,8.104044,1136,1221,1008768,0.0012103873239436619,False
347,8.1206,1136,1245,1008768,0.0012341787209744957,False
348,8.138178,1148,1247,1019424,0.001223239790312961,False
349,8.155211,1160,1231,1030080,0.0011950528114321218,False
350,8.171111,1170,1247,1038960,0.0012002387002387003,False
351,8.188078,1182,1243,1049616,0.0011842426182527704,False
352,8.204056,1192,1240,1058496,0.0011714734869097286,False
353,8.220556,1192,1223,1058496,0.0011554129632988692,False
354,8.238267,1181,1236,1048728,0.0011785706112547771,False
355,8.254022,1171,1225,1039848,0.0011780567929158877,False
356,8.270156,1161,1227,1030968,0.0011901436320040971,False
357,8.2882,1149,1226,1020312,0.0012015932381467629,False
358,8.304967,1138,1223,1010544,0.0012102392374800108,False
359,8.320767,1127,1210,1000776,0.0012090617680679792,False
360,8.338022,1116,1164,991008,0.001174561658432626,False
361,8.355111,1105,1148,981240,0.0011699482287717581,False
362,8.371378,1094,1156,971472,0.0011899468023782466,False
363,8.387489,1083,1144,961704,0.0011895552061757049,False
364,8.404167,1071,1142,951048,0.0012007806125453183,False
365,8.4213,1063,1139,943944,0.0012066393769121896,False
366,8.438233,1051,1111,933288,0.001190414963012489,False
367,8.453467,1040,1110,923520,0.001201923076923077,False
368,8.471022,1040,1110,923520,0.001201923076923077,False
369,8.487856,1023,1111,908424,0.0012229971907391263,False
370,8.5039,1023,1119,908424,0.0012318036511584898,False
371,8.5203,1024,1114,909312,0.0012251020551801801,False
372,8.536822,1025,1123,910200,0.0012337947703801363,False
373,8.553933,1025,1130,910200,0.0012414853878268512,False
374,8.5705,1025,1139,910200,0.0012513733245440562,False
375,8.587344,1025,1051,910200,0.0011546912766424962,False
376,8.604011,1025,1050,910200,0.0011535926170072512,False
377,8.621044,1025,1068,910200,0.0011733684904416612,False
378,8.637589,1026,1060,911088,0.0011634441459002862,False
379,8.654322,1026,1071,911088,0.001175517622886044,False
380,8.672011,1026,1089,911088,0.001195274221590011,False
381,8.687989,1026,1113,911088,0.0012216163531953005,False
382,8.704633,1026,1111,911088,0.0012194211755615265,False
383,8.721856,1026,1104,911088,0.001211738053843317,False
384,8.737389,1026,1114,911088,0.0012227139420121877,False
385,8.754378,1026,1113,911088,0.0012216163531953005,False
386,8.770978,1027,1126,911976,0.0012346816144284498,False
387,8.787722,1027,1124,911976,0.0012324885742607261,False
388,8.804511,1029,1115,913752,0.0012202435671823427,False
389,8.8224,1028,1112,912864,0.0012181442142531636,False
390,8.838033,1029,1124,913752,0.0012300930668277608,False
391,8.854144,1027,1117,911976,0.001224812933673693,False
392,8.871244,1023,1126,908424,0.001239509304025433,False
393,8.887867,1026,1144,911088,0.0012556416065187994,False
394,8.904722,1027,1147,911976,0.0012577085361895489,False
395,8.920867,1027,1150,911976,0.0012609980964411343,False
396,8.937856,1027,1149,911976,0.0012599015763572726,False
397,8.954533,1026,1166,911088,0.0012797885604903148,False
398,8.971533,1026,1163,911088,0.0012764957940396538,False
399,8.987456,1026,1164,911088,0.0012775933828565408,False
400,9.004289,1028,1132,912864,0.0012400532828548392,False
401,9.021422,1028,1132,912864,0.0012400532828548392,False
402,9.037444,1026,1129,911088,0.0012391777742654935,False
403,9.054278,1028,1118,912864,0.0012247169348336662,False
404,9.071022,1025,1125,910200,0.0012359920896506263,False
405,9.087822,1015,1130,901320,0.0012537167709581502,False
406,9.104089,996,1122,884448,0.0012685878649734072,False
407,9.120878,996,1122,884448,0.0012685878649734072,False
408,9.136811,980,1121,870240,0.0012881503952932524,False
409,9.154267,958,1123,850704,0.0013200831311478494,False
410,9.170844,949,1114,842712,0.0013219225547992672,False
411,9.186944,956,1116,848928,0.0013145991179463984,False
412,9.203867,965,1115,856920,0.0013011716379592027,False
413,9.220433,976,1115,866688,0.0012865067936789249,False
414,9.237444,977,1115,867576,0.0012851900006454766,False
415,9.253789,976,1114,866688,0.0012853529759267463,False
416,9.271389,976,1112,866688,0.0012830453404223895,False
417,9.287333,979,1106,869352,0.0012722119463692498,False
418,9.304211,981,1110,871128,0.0012742099898063201,False
419,9.320956,981,1105,871128,0.001268470305167553,False
420,9.337856,982,1088,872016,0.001247683528742592,False
421,9.354556,993,1083,881784,0.0012281919381617267,False
422,9.371322,993,1081,881784,0.00122592380900538,False
423,9.387822,993,1080,881784,0.0012247897444272067,False
424,9.404678,1026,1040,911088,0.001141492369562545,False
425,9.420367,1038,1051,921744,0.0011402298252009234,False
426,9.437433,1050,1075,932400,0.0011529386529386529,False
427,9.454544,1058,1063,939504,0.0011314480832439245,False
428,9.471933,1044,1062,927072,0.0011455420938179558,False
429,9.539244,1055,1051,936840,0.0011218564536100081,False
430,9.588756,1052,1052,934176,0.0011261261261261261,False
431,9.605756,1053,1074,935064,0.0011485844819178154,False
432,9.621056,1053,919,935064,0.0009828204272648716,False
433,9.6377,1054,844,935952,0.0009017556455886627,False
434,9.655478,1054,853,935952,0.0009113715233259825,False
435,9.6711,1047,844,929736,0.0009077845754063519,False
436,9.687911,1047,785,929736,0.0008443257010592254,False
437,9.704344,1049,729,931512,0.000782598613866488,False
438,9.721778,1042,732,925296,0.0007910981999273746,False
439,9.738722,1030,730,914640,0.0007981282253126913,False
440,9.7545,1019,745,904872,0.0008233208674818096,False
441,9.770889,1009,747,895992,0.0008337128010071519,False
442,9.787722,999,745,887112,0.0008398037677316957,False
443,9.803944,989,749,878232,0.000852849816449412,False
444,9.820689,979,740,869352,0.0008512087163772557,False
445,9.837867,978,736,868464,0.000847473240111277,False
446,9.854122,974,711,864912,0.0008220489483323159,False
447,9.871678,976,536,866688,0.0006184463151676266,False
448,9.889778,976,279,866688,0.0003219151528577758,False
449,9.915989,976,280,866688,0.0003230689706099542,False
450,9.925056,978,281,868464,0.0003235597560750935,False
451,9.943433,978,281,868464,0.0003235597560750935,False
452,9.959833,979,289,869352,0.0003324315122067931,False
453,9.973789,979,288,869352,0.00033128123015763465,False
454,10.073789,979,288,869352,0.00033128123015763465,False
455,10.088867,978,274,868464,0.00031549954862838297,False
456,10.188867,978,275,868464,0.0003166510068350559,False
457,10.284756,979,282,869352,0.00032437953786268394,False
458,10.305556,979,266,869352,0.0003059750250761487,False
459,10.321367,979,247,869352,0.00028411966614213803,False
460,10.338411,982,243,872016,0.00027866461165850165,False
461,10.355722,982,207,872016,0.0002373809654868718,False
462,10.374589,971,197,862248,0.00022847255082064557,False
463,10.392011,974,187,864912,0.00021620696672031375,False
464,10.411233,975,193,865800,0.00022291522291522292,False
465,10.429933,976,219,866688,0.00025268608772707133,False
466,10.450278,976,216,866688,0.0002492246344705361,False
467,10.471789,978,222,868464,0.0002556237218813906,False
468,10.488611,977,222,867576,0.00025588536335721597,False
469,10.505511,978,221,868464,0.00025447226367471764,False
470,10.523856,976,224,866688,0.0002584551764879634,False
471,10.541789,978,223,868464,0.00025677518008806354,False
472,10.559556,983,232,872904,0.0002657795129819545,False
473,10.577144,1007,241,894216,0.00026950982760317417,False
474,10.595356,1019,236,904872,0.0002608103687593383,False
475,10.613367,1025,232,910200,0.00025488903537684024,False
476,10.631078,1036,234,919968,0.0002543566732755922,False
477,10.649044,1045,238,927960,0.00025647657226604597,False
478,10.666678,1054,232,935952,0.000247875959450912,False
479,10.687378,1054,233,935952,0.0002489443903106142,False
480,10.703711,1054,230,935952,0.0002457390977315076,False
481,10.720222,1054,230,935952,0.0002457390977315076,False
482,10.737467,1054,230,935952,0.0002457390977315076,False
483,10.754111,1054,235,935952,0.00025108125203001866,False
484,10.770422,1064,234,944832,0.00024766307661044506,False
485,10.787144,1076,232,955488,0.00024280786362570748,False
486,10.804378,1087,230,965256,0.00023827875713800276,False
487,10.820567,1097,230,974136,0.00023610666272471195,False
488,10.8376,1109,229,984792,0.00023253641378077807,False
489,10.854656,1118,220,992784,0.00022159905880836113,False
490,10.872289,1132,220,1005216,0.00021885843440613758,False
491,10.888033,1144,220,1015872,0.00021656271656271656,False
492,10.904544,1155,232,1025640,0.0002262002262002262,False
493,10.922644,1165,230,1034520,0.00022232532962146697,False
494,10.940144,1173,218,1041624,0.00020928857245992795,False
495,10.956556,1173,225,1041624,0.0002160088477224027,False
496,10.973422,1173,233,1041624,0.00022368916230808815,False
497,10.995456,1173,229,1041624,0.00021984900501524542,False
498,11.0117,1172,225,1040736,0.00021619315561295082,False
499,11.030467,1160,224,1030080,0.0002174588381484933,False
500,11.0482,1158,224,1028304,0.00021783441472560642,False
501,11.0652,1158,225,1028304,0.00021880688979134574,False
502,11.082011,1158,217,1028304,0.00021102708926543123,False
503,11.098722,1160,222,1030080,0.00021551724137931034,False
504,11.115578,1160,221,1030080,0.00021454644299471885,False
505,11.132811,1160,179,1030080,0.00017377291084187636,False
506,11.150533,1161,165,1030968,0.00016004376469492748,False
507,11.166667,1164,142,1033632,0.00013737964768892604,False
508,11.1838,1162,157,1031856,0.00015215301359879674,False
509,11.2009,1162,157,1031856,0.00015215301359879674,False
510,11.221456,1159,174,1029192,0.00016906466431919408,False
511,11.238611,1160,285,1030080,0.0002766775396085741,False
512,11.254144,1160,387,1030080,0.00037569897483690585,False
513,11.270356,1162,389,1031856,0.0003769905878339613,False
514,11.287144,1161,381,1030968,0.00036955560211374166,False
515,11.303767,1161,322,1030968,0.0003123278317076767,False
516,11.320189,1162,362,1031856,0.0003508241460048689,False
517,11.337622,1160,396,1030080,0.00038443616029822927,False
518,11.353878,1162,379,1031856,0.0003672993130824456,False
519,11.3701,1164,373,1033632,0.000360863440760348,False
520,11.387,1165,379,1034520,0.00036635347794146075,False
521,11.403844,1162,383,1031856,0.0003711758229830519,False
522,11.4208,1152,376,1022976,0.00036755505505505507,False
523,11.437222,1138,369,1010544,0.00036514985987745217,False
524,11.4543,1121,357,995448,0.0003586324951177761,False
525,11.470767,1108,372,983904,0.00037808566689433116,False
526,11.487422,1096,387,973248,0.0003976376011047544,False
527,11.5045,1081,381,959928,0.0003969047678575893,False
528,11.520922,1083,357,961704,0.0003712160914376981,False
529,11.537256,1089,357,967032,0.0003691708237162783,False
530,11.554322,1082,370,960816,0.00038508934072704865,False
531,11.571533,1077,374,956376,0.00039105958326014035,False
532,11.587067,1084,388,962592,0.0004030783551078754,False
533,11.6041,1085,367,963480,0.0003809108647818325,False
534,11.620844,1084,365,962592,0.0003791845350885941,False
535,11.637611,1091,368,968808,0.0003798482258610581,False
536,11.654222,1112,363,987456,0.00036761131635232357,False
537,11.670844,1111,360,986568,0.00036490135500036493,False
538,11.687744,1116,363,991008,0.0003662937130679066,False
539,11.704556,1126,354,999888,0.0003540396524410734,False
540,11.721311,1133,366,1006104,0.00036377948999308224,False
541,11.738711,1145,399,1016760,0.0003924229906762658,False
542,11.7542,1145,399,1016760,0.0003924229906762658,False
543,11.771111,1149,394,1020312,0.0003861563913783235,False
544,11.788411,1154,395,1024752,0.0003854591159617156,False
545,11.804189,1158,400,1028304,0.00038899002629572577,False
546,11.820778,1164,400,1033632,0.0003869849230673973,False
547,11.838156,1163,395,1032744,0.0003824761993291658,False
548,11.854244,1163,397,1032744,0.00038441278768019954,False
549,11.870567,1163,391,1032744,0.0003786030226270983,False
550,11.887033,1160,399,1030080,0.0003873485554520037,False
551,11.904522,1158,399,1028304,0.00038801755122998646,False
552,11.920833,1158,410,1028304,0.0003987147769531189,False
553,11.937011,1159,411,1029192,0.0003993423967539584,False
554,11.9549,1159,410,1029192,0.000398370760752124,False
555,11.970567,1159,410,1029192,0.000398370760752124,False
556,11.987244,1159,395,1029192,0.00038379622072460726,False
557,12.003978,1158,405,1028304,0.00039385240162442234,False
558,12.020667,1156,404,1026528,0.00039355964961501296,False
559,12.036911,1156,410,1026528,0.000399404594906325,False
560,12.055022,1157,394,1027416,0.00038348633854251834,False
561,12.070656,1157,400,1027416,0.0003893262320228612,False
562,12.087756,1158,401,1028304,0.0003899625013614651,False
563,12.104356,1159,393,1029192,0.00038185294872093836,False
564,12.121333,1156,393,1026528,0.0003828439165809408,False
565,12.138156,1151,398,1022088,0.0003893989558629003,False
566,12.1546,1146,390,1017648,0.0003832366397811424,False
567,12.171444,1139,390,1011432,0.0003855919132477517,False
568,12.188756,1133,362,1006104,0.0003598037578620103,False
569,12.204356,1128,343,1001664,0.00034243019615360043,False
570,12.220411,1125,345,999000,0.00034534534534534536,False
571,12.237844,1120,338,994560,0.0003398487773487773,False
572,12.255067,1114,342,989232,0.00034572274249114465,False
573,12.271211,1108,338,983904,0.00034352945002764495,False
574,12.287733,1102,335,978576,0.00034233416719805105,False
575,12.304389,1097,341,974136,0.00035005379125707296,False
576,12.320589,1092,336,969696,0.0003465003465003465,False
577,12.337489,1087,316,965256,0.00032737429241569074,False
578,12.354767,1082,325,960816,0.0003382541506386238,False
579,12.372244,1073,309,952824,0.0003242991360419133,False
580,12.388456,1073,309,952824,0.0003242991360419133,False
581,12.404244,1070,302,950160,0.00031784120569167297,False
582,12.4213,1071,324,951048,0.00034067681126504656,False
583,12.437144,1118,335,992784,0.00033743493045818626,False
584,12.455356,1143,329,1014984,0.00032414304067847376,False
585,12.4709,1150,346,1021200,0.00033881707794751275,False
586,12.4879,1158,338,1028304,0.0003286965722198883,False
587,12.503389,1158,331,1028304,0.0003218892467597131,False
588,12.520867,1158,340,1028304,0.0003306415223513669,False
589,12.537044,1158,334,1028304,0.00032480667195693104,False
590,12.553678,1164,338,1033632,0.0003270022599919507,False
591,12.571111,1166,339,1035408,0.00032740716702980854,False
592,12.588156,1165,325,1034520,0.000314155357073812,False
593,12.604467,1166,337,1035408,0.00032547556132461795,False
594,12.620456,1162,326,1031856,0.0003159355568994123,False
595,12.637233,1159,348,1029192,0.00033812932863838815,False
596,12.654556,1153,384,1023864,0.0003750498113030637,False
597,12.670789,1149,381,1020312,0.0003734151906475666,False
598,12.688544,1146,372,1017648,0.0003655487948681666,False
599,12.704622,1143,388,1014984,0.0003822720358153429,False
600,12.722122,1146,38,1017648,3.734100592739336e-05,False
601,12.738878,1145,26,1016760,2.5571422951335616e-05,False
602,12.755067,1146,28,1017648,2.7514425420184582e-05,False
603,12.771522,1135,30,1007880,2.976544826765091e-05,False
604,12.787211,1134,29,1006992,2.879863990975102e-05,False
605,12.804256,1136,15,1008768,1.4869623144271031e-05,False
606,12.825844,1132,16,1005216,1.5916977047719096e-05,False
607,12.8378,1127,16,1000776,1.598759362734518e-05,False
608,12.854033,1128,13,1001664,1.2978403935850744e-05,False
609,12.870822,1128,10,1001664,9.983387642962112e-06,False
610,12.8881,1128,10,1001664,9.983387642962112e-06,False
611,12.904133,1129,19,1002552,1.8951635426391848e-05,False
612,12.920744,1129,19,1002552,1.8951635426391848e-05,False
613,12.937944,1128,13,1001664,1.2978403935850744e-05,False
614,12.956167,1128,11,1001664,1.0981726407258321e-05,False
615,12.976867,1125,13,999000,1.3013013013013012e-05,False
616,12.988444,1126,16,999888,1.600179220072648e-05,False
617,13.0042,1124,15,998112,1.5028373569298836e-05,False
618,13.021911,1124,14,998112,1.4026481998012247e-05,False
619,13.039589,1125,12,999000,1.2012012012012012e-05,False
620,13.053967,1124,12,998112,1.2022698855439069e-05,False
621,13.069756,1124,12,998112,1.2022698855439069e-05,False
622,13.088856,1125,10,999000,1.001001001001001e-05,False
623,13.107667,1125,12,999000,1.2012012012012012e-05,False
624,13.119922,1124,17,998112,1.7032156711872014e-05,False
625,13.136867,1124,21,998112,2.103972299701837e-05,False
626,13.153411,1125,19,999000,1.9019019019019018e-05,False
627,13.171133,1125,19,999000,1.9019019019019018e-05,False
628,13.1877,1125,19,999000,1.9019019019019018e-05,False
629,13.2041,1124,27,998112,2.7051072424737905e-05,False
630,13.220889,1124,45,998112,4.508512070789651e-05,False
631,13.237856,1125,45,999000,4.5045045045045046e-05,False
632,13.254789,1125,46,999000,4.6046046046046044e-05,False
633,13.271144,1124,46,998112,4.60870122791831e-05,False
634,13.371144,1123,97,997224,9.727002157990581e-05,False
635,13.390422,1123,148,997224,0.00014841199168892847,False
636,13.490422,1123,145,997224,0.00014540364050604477,False
637,13.537478,1123,140,997224,0.0001403897218679053,False
638,13.637478,1123,141,997224,0.0001413925055955332,False
639,13.655989,1123,141,997224,0.0001413925055955332,False
640,13.755989,1122,203,996336,0.00020374652727593904,False
641,13.855989,1123,293,997224,0.00029381563219497324,False
642,13.955989,1123,294,997224,0.0002948184159226011,False
643,14.055989,1123,292,997224,0.00029281284846734536,False
644,14.155989,1123,292,997224,0.00029281284846734536,False
645,14.255989,1124,343,998112,0.00034364880895130004,False
646,14.355989,1124,514,998112,0.0005149722676413068,False
647,14.455989,1124,515,998112,0.0005159741592125934,False
648,14.555989,1124,516,998112,0.00051697605078388,False
649,14.600878,1124,515,998112,0.0005159741592125934,False
650,14.620889,1124,515,998112,0.0005159741592125934,False
651,14.637233,1115,642,990120,0.0006484062537874197,False
652,14.654822,1131,671,1004328,0.0006681084267291164,False
653,14.6868,1139,703,1011432,0.0006950541410594088,False
654,14.7044,1144,709,1015872,0.0006979225729225729,False
655,14.720756,1146,667,1017648,0.0006554329198308256,False
656,14.737567,1139,711,1011432,0.000702963718767055,False
657,14.7588,1128,739,1001664,0.0007377723468149,False
658,14.777244,1125,740,999000,0.0007407407407407407,False
659,14.794744,1144,737,1015872,0.0007254851004851005,False
660,14.815289,1155,785,1025640,0.0007653757653757654,False
661,14.832978,1166,833,1035408,0.0008045137762118894,False
662,14.850689,1177,890,1045176,0.000851531225363001,False
663,14.867622,1188,921,1054944,0.000873032123032123,False
664,14.886889,1195,918,1061160,0.0008650910324550492,False
665,14.903933,1195,923,1061160,0.000869802857250556,False
666,14.9207,1195,955,1061160,0.0008999585359417996,False
667,14.938178,1195,975,1061160,0.0009188058351238267,False
668,14.954556,1195,953,1061160,0.0008980738060235968,False
669,14.971678,1196,1102,1062048,0.0010376178854439725,False
670,14.9908,1196,1105,1062048,0.001040442616529573,False
671,15.007533,1196,1194,1062048,0.001124242972069059,False
672,15.027511,1196,1192,1062048,0.001122359818011992,False
673,15.047833,1195,1314,1061160,0.0012382675562591882,False
674,15.067522,1193,1426,1059384,0.0013460652605665178,False
675,15.087467,1193,1434,1059384,0.0013536168188305656,False
676,15.106211,1193,1452,1059384,0.0013706078249246733,False
677,15.125756,1193,1466,1059384,0.0013838230518867568,False
678,15.145978,1194,1482,1060272,0.001397754538458056,False
679,15.166233,1194,1471,1060272,0.0013873798421537116,False
680,15.184911,1195,1494,1061160,0.001407893248897433,False
681,15.204744,1194,1509,1060272,0.0014232197021141744,False
682,15.224267,1194,1518,1060272,0.0014317080899995474,False
683,15.244344,1195,1532,1061160,0.0014437031173432848,False
684,15.263033,1210,1527,1074480,0.001421152557516194,False
685,15.283233,1210,1539,1074480,0.0014323207505025687,False
686,15.304267,1210,1555,1074480,0.0014472116744844018,False
687,15.323044,1210,1572,1074480,0.0014630332812150995,False
688,15.342944,1210,1599,1074480,0.0014881617154344428,False
689,15.362667,1203,1551,1068264,0.001451888297274831,False
690,15.382278,1180,1555,1047840,0.0014840051916323103,False
691,15.405811,1169,1552,1038072,0.0014950793393907166,False
692,15.422856,1160,1538,1030080,0.0014930879155017087,False
693,15.446867,1149,1527,1020312,0.0014966010396819797,False
694,15.467956,1139,1540,1011432,0.0015225937087218913,False
695,15.488211,1117,1488,991896,0.0015001572745529774,False
696,15.5079,1117,1489,991896,0.0015011654447643703,False
697,15.526978,1090,1419,967920,0.0014660302504339202,False
698,15.547856,1090,1468,967920,0.001516654268947847,False
699,15.567089,1090,1484,967920,0.0015331845607074964,False
700,15.5872,1090,1516,967920,0.0015662451442267956,False
701,15.6076,1090,1685,967920,0.001740846350938094,False
702,15.626922,1090,1701,967920,0.0017573766426977437,False
703,15.645722,1080,1765,959040,0.001840382048715382,False
704,15.6673,1061,1726,942168,0.0018319450458941504,False
705,15.6882,1053,1756,935064,0.0018779463223907668,False
706,15.707544,1046,1735,928848,0.0018679051900849224,False
707,15.728189,1024,1745,909312,0.0019190332911036036,False
708,15.749178,1016,1784,902208,0.0019773710718592606,False
709,15.768556,1019,1955,904872,0.00216052657171401,False
710,15.788178,1021,2032,906648,0.0022412226134067466,False
711,15.808089,1021,2105,906648,0.0023217389769789377,False
712,15.827211,1020,2205,905760,0.0024344197138314785,False
713,15.846644,1020,2095,905760,0.0023129747394453276,False
714,15.8672,1027,2190,911976,0.0024013789836574645,False
715,15.887233,1027,2170,911976,0.0023794485819802276,False
716,15.907144,1013,2136,899544,0.002374536431792108,False
717,15.927833,1013,2209,899544,0.002455688660032194,False
718,15.947633,1013,2389,899544,0.002655790044733776,False
719,15.967911,1013,2364,899544,0.0026279981857474455,False
720,15.988444,1013,2327,899544,0.002586866234447676,False
721,16.007311,1014,2376,900432,0.002638733407964177,False
722,16.027856,1014,2578,900432,0.0028630701707624785,False
723,16.047778,1016,2591,902208,0.002871843299992906,False
724,16.068033,1017,2545,903096,0.0028180835702959596,False
725,16.088344,1027,2592,911976,0.002842180057369931,False
726,16.108467,1038,2642,921744,0.002866305611970352,False
727,16.128278,1051,2627,933288,0.0028147795750079288,False
728,16.147489,1062,2605,943056,0.0027622961944995844,False
729,16.169067,1075,2658,954600,0.00278441231929604,False
730,16.187733,1083,2718,961704,0.0028262334356517183,False
731,16.207967,1083,2871,961704,0.0029853260462678745,False
732,16.227411,1083,3095,961704,0.0032182459467778026,False
733,16.246089,1083,3159,961704,0.0032847944897806394,False
734,16.265444,1084,3294,962592,0.0034220105714570658,False
735,16.284867,1082,3752,960816,0.0039050140713726665,False
736,16.3049,1084,3911,962592,0.0040629882650177855,False
737,16.3225,1085,3839,963480,0.003984514468385436,False
738,16.3416,1082,3837,960816,0.003993480541539691,False
739,16.361978,1082,3828,960816,0.003984113503522006,False
740,16.387378,1088,4348,966144,0.004500364334923158,False
741,16.404044,1088,4387,966144,0.004540730988341283,False
742,16.421,1089,4382,967032,0.004531390895027259,False
743,16.437811,1089,4375,967032,0.004524152251424979,False
744,16.454933,1089,4312,967032,0.004459004459004459,False
745,16.471489,1081,4266,959928,0.0044440833062479685,False
746,16.488144,1070,4295,950160,0.00452029131935674,False
747,16.504511,1059,4345,940392,0.004620413614747893,False
748,16.5214,1048,4355,930624,0.004679655800839007,False
749,16.538022,1026,4354,911088,0.00477890170872627,False
750,16.555611,1026,4358,911088,0.004783292063993819,False
751,16.571044,1017,4333,903096,0.004797939532452807,False
752,16.589678,1017,4377,903096,0.0048466608201121475,False
753,16.605456,1017,4343,903096,0.004809012552375384,False
754,16.624756,1019,4244,904872,0.004690166122943355,False
755,16.640822,1020,4274,905760,0.004718689277512807,False
756,16.657467,1020,4260,905760,0.004703232644409115,False
757,16.675967,1020,4288,905760,0.004734145910616499,False
758,16.691678,1020,4304,905760,0.004751810634163575,False
759,16.707244,989,4300,878232,0.004896200548374461,False
760,16.724189,963,4308,855144,0.0050377480284022344,False
761,16.742133,961,4302,853368,0.005041201451191045,False
762,16.758233,1057,3953,938616,0.004211519939996761,False
763,16.775522,1057,3948,938616,0.004206192947914802,False
764,16.792167,1057,3956,938616,0.004214716135245936,False
765,16.809344,1057,3949,938616,0.004207258346331194,False
766,16.827367,1057,3958,938616,0.00421684693207872,False
767,16.870289,975,3848,865800,0.0044444444444444444,False
768,16.8882,977,3807,867576,0.00438808819054469,False
769,16.905422,975,3805,865800,0.004394779394779395,False
770,16.920978,977,3575,867576,0.00412067645946868,False
771,16.937644,977,3449,867576,0.003975444226211882,False
772,16.954556,977,3385,867576,0.003901675472811604,False
773,16.9735,977,3445,867576,0.003970833679124365,False
774,16.9872,975,3259,865800,0.003764148764148764,False
775,17.003944,975,3186,865800,0.0036798336798336798,False
776,17.021622,975,3145,865800,0.0036324786324786326,False
777,17.038056,975,3142,865800,0.003629013629013629,False
778,17.0546,973,2994,864024,0.0034651815227354794,False
779,17.071078,973,2917,864024,0.0033760636278621892,False
780,17.087322,972,2871,863136,0.003326242909576243,False
781,17.104411,962,2833,854256,0.003316336086606357,False
782,17.120211,951,2849,844488,0.0033736417805818437,False
783,17.137378,949,2808,842712,0.0033320992225101815,False
784,17.154289,962,2839,854256,0.0033233597422786614,False
785,17.172233,984,2792,873792,0.0031952684391708783,False
786,17.187622,984,2764,873792,0.0031632241998095657,False
787,17.204122,994,2759,882672,0.003125736400384288,False
788,17.219767,1008,2799,895104,0.0031270109395109395,False
789,17.236856,1019,2858,904872,0.0031584577708228347,False
790,17.2533,1025,2917,910200,0.003204790156009668,False
791,17.271,1025,2853,910200,0.003134475939353988,False
792,17.286578,1025,2859,910200,0.0031410678971654582,False
793,17.304789,1025,2976,910200,0.003269611074489123,False
794,17.319889,1025,3224,910200,0.0035420786640298837,False
795,17.336911,1025,3330,910200,0.003658536585365854,False
796,17.352611,1024,3368,909312,0.0037038992117117116,False
797,17.369778,1025,3418,910200,0.0037552186332674136,False
798,17.387778,1025,3506,910200,0.0038519006811689738,False
799,17.404056,1025,3571,910200,0.003923313557459899,False
800,17.420511,1025,3549,910200,0.003899143045484509,False
801,17.436733,1025,3399,910200,0.0037343441001977586,False
802,17.452689,1026,3401,911088,0.0037328995662328996,False
803,17.469456,1027,4072,911976,0.004465029781485478,False
804,17.486744,1026,4041,911088,0.00443535640904062,False
805,17.504211,1027,3356,911976,0.003679921401440389,False
806,17.519444,1027,3318,911976,0.0036382536382536385,False
807,17.537844,1027,3359,911976,0.0036832109616919744,False
808,17.552856,1027,3274,911976,0.0035900067545637164,False
809,17.569622,1027,3220,911976,0.0035307946700351765,False
810,17.5865,1026,3222,911088,0.0035364311680101154,False
811,17.604311,1026,3214,911088,0.003527650457475019,False
812,17.619944,1026,3223,911088,0.0035375287568270024,False
813,17.638111,1028,3228,912864,0.003536123672310443,False
814,17.654356,1028,3282,912864,0.0035952781575349668,False
815,17.6702,1028,3301,912864,0.0036160917727065586,False
816,17.689611,1028,3303,912864,0.0036182826795667263,False
817,17.703644,1028,3313,912864,0.003629237213867564,False
818,17.720756,1027,3366,911976,0.0036908866022790075,False
819,17.737233,1026,3475,911088,0.003814121138682542,False
820,17.753989,1028,3546,912864,0.003884477863077085,False
821,17.7698,1029,3513,913752,0.0038445880282614977,False
822,17.786856,1029,3540,913752,0.003874136527197752,False
823,17.803756,1030,3554,914640,0.0038856817983031577,False
824,17.819889,1029,3510,913752,0.003841304861713025,False
825,17.836922,1029,3527,913752,0.00385990947215437,False
826,17.853989,1037,3543,920856,0.0038475071020876227,False
827,17.869756,1049,3547,931512,0.003807787768702926,False
828,17.886756,1059,3755,940392,0.003993015678568086,False
829,17.903611,1071,4221,951048,0.0044382617912029675,False
830,17.919989,1084,4341,962592,0.004509698813204348,False
831,17.936622,1095,4380,972360,0.0045045045045045045,False
832,17.952878,1106,4421,982128,0.004501449912842318,False
833,17.969867,1118,4470,992784,0.004502489967606247,False
834,17.9859,1129,4634,1002552,0.004622204135047359,False
835,18.003156,1147,4738,1018536,0.004651774704085079,False
836,18.020033,1147,4735,1018536,0.004648829300093468,False
837,18.037044,1149,4570,1020312,0.004479022103042991,False
838,18.053544,1158,4607,1028304,0.004480192627861022,False
839,18.071722,1183,4622,1050504,0.004399792861331323,False
840,18.0864,1183,4621,1050504,0.004398840937302475,False
841,18.103011,1191,4620,1057608,0.004368348197063563,False
842,18.120978,1172,4414,1040736,0.0042412292838914,False
843,18.136567,1172,4410,1040736,0.004237385850013836,False
844,18.153456,1161,4239,1030968,0.004111669809344228,False
845,18.169411,1150,4142,1021200,0.004056012534273404,False
846,18.187278,1129,4011,1002552,0.004000789983960932,False
847,18.203544,1129,4009,1002552,0.00399879507496868,False
848,18.220389,1129,4010,1002552,0.003999792529464806,False
849,18.237333,1129,4051,1002552,0.004040688163805967,False
850,18.253967,1129,4012,1002552,0.004001787438457058,False
851,18.270767,1129,3992,1002552,0.0039818383485345395,False
852,18.287889,1129,3984,1002552,0.003973858712565533,False
853,18.304267,1129,3982,1002552,0.003971863803573281,False
854,18.320044,1123,3926,997224,0.003936928914667116,False
855,18.337578,1114,3839,989232,0.0038807883287236967,False
856,18.353467,1102,3800,978576,0.003883193538365952,False
857,18.370589,1093,3791,970584,0.003905895831787872,False
858,18.387111,1092,3745,969696,0.003862035112035112,False
859,18.4044,1093,3710,970584,0.003822440922166448,False
860,18.421222,1093,3737,970584,0.0038502592253735896,False
861,18.4369,1094,3729,971472,0.003838504866841247,False
862,18.453456,1095,3739,972360,0.0038452836398041876,False
863,18.470411,1096,4166,973248,0.004280512264088906,False
864,18.486967,1095,4783,972360,0.004918960055946357,False
865,18.503589,1096,4716,973248,0.0048456303018346815,False
866,18.520189,1096,4715,973248,0.004844602814493325,False
867,18.536956,1095,4723,972360,0.004857254514788761,False
868,18.553556,1095,4913,972360,0.005052655395121148,False
869,18.570056,1095,5092,972360,0.0052367435929079765,False
870,18.586322,1095,5183,972360,0.00533033033033033,False
871,18.602911,1096,5152,973248,0.005293614782665878,False
872,18.619711,1096,5096,973248,0.005236075491549944,False
873,18.636878,1095,5072,972360,0.005216175079188778,False
874,18.653544,1094,5079,971472,0.005228148623943871,False
875,18.669756,1095,5053,972360,0.005196634991155539,False
876,18.686578,1094,5066,971472,0.0052147668692458455,False
877,18.703911,1095,5074,972360,0.005218231930560697,False
878,18.7205,1095,5132,972360,0.005277880620346374,False
879,18.736844,1096,5226,973248,0.005369648845926218,False
880,18.7539,1094,5295,971472,0.0054504916250802905,False
881,18.771667,1094,5291,971472,0.005446374162096283,False
882,18.787967,1095,6065,972360,0.006237401785346991,False
883,18.803611,1095,6066,972360,0.00623843021103295,False
884,18.819578,1095,6465,972360,0.006648772059730964,False
885,18.836833,1089,6458,967032,0.00667816576907486,False
886,18.852844,1093,6412,970584,0.006606331857932956,False
887,18.870389,1094,6221,971472,0.00640368430587809,False
888,18.886567,1093,6728,970584,0.006931909036209128,False
889,18.903889,1093,7231,970584,0.007450153721882908,False
890,18.920411,1093,7385,970584,0.007608821080916232,False
891,18.937444,1093,7223,970584,0.007441911261673384,False
892,18.954356,1093,7222,970584,0.007440880954147194,False
893,18.970011,1094,7003,971472,0.00720864831925161,False
894,18.986978,1095,6983,972360,0.007181496565058209,False
895,19.004633,1094,6943,971472,0.007146886374491493,False
896,19.020633,1095,6961,972360,0.0071588711999670904,False
897,19.0382,1094,6964,971472,0.0071685030551575345,False
898,19.052867,1102,7048,978576,0.007202302120632429,False
899,19.070533,1114,7117,989232,0.0071944700535364805,False
900,19.086456,1124,7129,998112,0.007142485011702094,False
901,19.103589,1136,7115,1008768,0.00705315791143256,False
902,19.121911,1156,8339,1026528,0.00812349979737523,False
903,19.137067,1156,8377,1026528,0.008160517784220207,False
904,19.153756,1165,8502,1034520,0.008218304141050922,False
905,19.171367,1165,8344,1034520,0.008065576305919654,False
906,19.1885,1165,8355,1034520,0.008076209256466767,False
907,19.2885,1165,8243,1034520,0.007967946487259792,False
908,19.305389,1165,8227,1034520,0.007952480377373082,False
909,19.405389,1165,8090,1034520,0.00782005181146812,False
910,19.486256,1169,8029,1038072,0.007734530938123752,False
911,19.504078,1169,7932,1038072,0.007641088479411833,False
912,19.521511,1169,7903,1038072,0.007613152074229919,False
913,19.5369,1190,7887,1056720,0.007463661140131728,False
914,19.553278,1190,7784,1056720,0.007366189719130896,False
915,19.570222,1199,7735,1064712,0.007264875384141439,False
916,19.586522,1213,7969,1077144,0.0073982680124477325,False
917,19.603744,1224,8021,1086912,0.0073796222693281515,False
918,19.620467,1232,7955,1094016,0.007271374458874459,False
919,19.637322,1243,7943,1103784,0.007196154320048126,False
920,19.654022,1243,7881,1103784,0.007139983909895414,False
921,19.6706,1257,7822,1116216,0.007007604262974192,False
922,19.687067,1271,7728,1128648,0.006847130371914006,False
923,19.703789,1273,7723,1130424,0.006831949781674841,False
924,19.720844,1272,7694,1129536,0.00681164655221259,False
925,19.738856,1271,7677,1128648,0.006801943564335382,False
926,19.753922,1272,7596,1129536,0.006724885262621111,False
927,19.770689,1274,7705,1131312,0.006810676453533596,False
928,19.788244,1274,7670,1131312,0.006779738922596065,False
929,19.803944,1274,7458,1131312,0.006592345878060164,False
930,19.820456,1274,7491,1131312,0.006621515550086978,False
931,19.838711,1274,7610,1131312,0.006726703155274584,False
932,19.854178,1274,7808,1131312,0.006901721187435473,False
933,19.870756,1274,7707,1131312,0.006812444312444313,False
934,19.887611,1274,7545,1131312,0.0066692477406763125,False
935,19.904133,1274,7532,1131312,0.006657756657756658,False
936,19.920611,1274,7611,1131312,0.006727587084729942,False
937,19.937022,1274,7815,1131312,0.006907908693622979,False
938,19.954556,1274,7652,1131312,0.006763828192399621,False
939,19.970733,1274,7535,1131312,0.006660408446122732,False
940,19.988311,1274,7481,1131312,0.006612676255533399,False
941,20.0045,1274,7487,1131312,0.006617979832265547,False
942,20.021256,1274,7512,1131312,0.006640078068649497,False
943,20.037678,1273,7539,1130424,0.006669178998322753,False
944,20.0544,1273,7519,1130424,0.006651486521871439,False
945,20.070722,1261,7452,1119768,0.0066549499539190265,False
946,20.088878,1247,7408,1107336,0.006689929705166273,False
947,20.1033,1236,7382,1097568,0.006725779177235488,False
948,20.120167,1225,7304,1087800,0.006714469571612429,False
949,20.138922,1213,7132,1077144,0.00662121313399137,False
950,20.153644,1202,7134,1067376,0.006683680352565544,False
951,20.170156,1191,7110,1057608,0.0067227176798965215,False
952,20.186867,1180,7008,1047840,0.00668804397617957,False
953,20.203389,1168,6804,1037184,0.00656007034431692,False
954,20.220756,1156,6645,1026528,0.006473276910128121,False
955,20.237567,1145,6639,1016760,0.006529564498996813,False
956,20.253922,1134,6598,1006992,0.006552187107742663,False
957,20.270633,1123,6590,997224,0.006608344765067828,False
958,20.287944,1112,6488,987456,0.006570419340203513,False
959,20.304567,1101,6335,977688,0.006479572215267038,False
960,20.322511,1094,6281,971472,0.006465446250638207,False
961,20.337278,1094,6317,971472,0.006502503417494277,False
962,20.353311,1094,6280,971472,0.006464416884892204,False
963,20.370022,1094,6286,971472,0.006470593079368216,False
964,20.387433,1094,6350,971472,0.006536472487112341,False
965,20.404056,1094,6529,971472,0.006720728955646689,False
966,20.419933,1095,6571,972360,0.006757785182442717,False
967,20.436978,1095,6534,972360,0.006719733432062199,False
968,20.453889,1094,6399,971472,0.006586911408666436,False
969,20.470189,1095,6231,972360,0.006408120449216339,False
970,20.486222,1095,6721,972360,0.006912049035336707,False
971,20.503089,1095,6908,972360,0.0071043646386112136,False
972,20.519611,1095,6894,972360,0.007089966679007775,False
973,20.536578,1096,6802,973248,0.006988968895903202,False
974,20.553456,1096,6590,973248,0.00677114157953574,False
975,20.571033,1096,6512,973248,0.006690997566909975,False
976,20.586833,1086,6457,964368,0.006695576792261875,False
977,20.603867,1075,6416,954600,0.006721139744395558,False
978,20.6198,1062,6360,943056,0.006744032167760981,False
979,20.636244,1050,6339,932400,0.006798584298584299,False
980,20.653167,1040,6341,923520,0.006866120928620928,False
981,20.670522,1035,6329,919080,0.006886234060147103,False
982,20.687189,1040,6346,923520,0.006871534996534996,False
983,20.703589,1052,6360,934176,0.006808138937416504,False
984,20.720556,1063,6361,943944,0.006738747213817769,False
985,20.736556,1074,6354,953712,0.006662388645628869,False
986,20.753378,1086,6349,964368,0.006583586348779719,False
987,20.769967,1097,6470,974136,0.006641783077516897,False
988,20.786422,1108,6786,983904,0.006897014342862718,False
989,20.802744,1118,6801,992784,0.006850432722525746,False
990,20.819244,1130,6800,1003440,0.006776688192617396,False
991,20.8363,1143,6846,1014984,0.006744933910288241,False
992,20.852756,1152,7146,1022976,0.006985501126126126,False
993,20.869633,1163,7310,1032744,0.007078230423028359,False
994,20.886222,1173,7327,1041624,0.007034208121164643,False
995,20.904044,1187,7339,1054056,0.006962628171558247,False
996,20.919256,1196,7390,1062048,0.006958254240862937,False
997,20.936878,1200,7602,1065600,0.007134009009009009,False
998,20.952956,1202,7765,1067376,0.00727484972493292,False
999,20.970522,1202,7850,1067376,0.007354484267961805,False
1000,20.987089,1202,7849,1067376,0.007353547390984995,False
1001,21.005044,1201,7979,1066488,0.007481565662248427,False
1002,21.020333,1201,7928,1066488,0.007433745152313012,False
1003,21.036644,1201,7649,1066488,0.00717213883325457,False
1004,21.053622,1201,7501,1066488,0.0070333655887361134,False
1005,21.069967,1202,7470,1067376,0.006998471016773845,False
1006,21.086711,1202,7468,1067376,0.006996597262820224,False
1007,21.104033,1202,7376,1067376,0.006910404580953666,False
1008,21.1203,1203,7193,1068264,0.006733354301932856,False
1009,21.136167,1202,7077,1067376,0.00663027836488735,False
1010,21.153556,1202,7075,1067376,0.006628404610933729,False
1011,21.1711,1201,7111,1066488,0.0066676793362888285,False
1012,21.186522,1202,7447,1067376,0.006976922846307206,False
1013,21.204078,1201,7516,1066488,0.0070474304445994704,False
1014,21.219122,1201,7507,1066488,0.007038991531081456,False
1015,21.236533,1201,7541,1066488,0.007070871871038399,False
1016,21.253667,1202,7854,1067376,0.007358231775869047,False
1017,21.269533,1202,8342,1067376,0.007815427740552532,False
1018,21.286433,1203,8356,1068264,0.00782203650034074,False
1019,21.303178,1202,8153,1067376,0.007638357991935363,False
1020,21.319933,1201,8141,1066488,0.007633466105572684,False
1021,21.335644,1201,8224,1066488,0.007711291641349926,False
1022,21.353389,1201,8201,1066488,0.007689725529026112,False
1023,21.37,1201,7767,1066488,0.007282782366046313,False
1024,21.386889,1202,7645,1067376,0.007162424487715669,False
1025,21.403189,1201,7610,1066488,0.007135570208009842,False
1026,21.419478,1201,7594,1066488,0.007120567695088928,False
1027,21.436378,1201,7416,1066488,0.006953664738843756,False
1028,21.452444,1201,6993,1066488,0.006557035803497086,False
1029,21.469744,1200,6778,1065600,0.0063607357357357355,False
1030,21.486144,1200,6771,1065600,0.006354166666666667,False
1031,21.502322,1202,6808,1067376,0.006378258458125347,False
1032,21.519767,1201,7100,1066488,0.0066573651086557,False
1033,21.535767,1200,7191,1065600,0.00674831081081081,False
1034,21.552033,1200,7191,1065600,0.00674831081081081,False
1035,21.569522,1199,7147,1064712,0.0067126133639895105,False
1036,21.585244,1199,7493,1064712,0.007037583872446258,False
1037,21.6021,1199,7452,1064712,0.006999075806415256,False
1038,21.7021,1199,7348,1064712,0.00690139680965369,False
1039,21.719767,1200,7326,1065600,0.006875,False
1040,21.819767,1200,7243,1065600,0.006797109609609609,False
1041,21.919767,1200,7182,1065600,0.0067398648648648645,False
1042,21.932878,1201,7254,1066488,0.0068017642955195,False
1043,21.953011,1201,7166,1066488,0.006719250474454471,False
1044,21.969378,1201,7089,1066488,0.006647050881022572,False
1045,21.986056,1201,7419,1066488,0.006956477710016428,False
1046,22.002622,1202,7186,1067376,0.006732397955359686,False
1047,22.019311,1201,7354,1066488,0.006895530001275214,False
1048,22.035844,1201,7274,1066488,0.006820517436670642,False
1049,22.052211,1202,6865,1067376,0.00643166044580354,False
1050,22.069367,1202,6554,1067376,0.0061402917060154995,False
1051,22.087033,1202,6482,1067376,0.00607283656368515,False
1052,22.103089,1201,6650,1066488,0.006235419432754986,False
1053,22.1194,1201,6624,1066488,0.006211040349258501,False
1054,22.135978,1201,6468,1066488,0.006064765848279587,False
1055,22.153078,1201,6487,1066488,0.0060825813323731725,False
1056,22.169211,1201,6328,1066488,0.005933493860221587,False
1057,22.1883,1200,6105,1065600,0.005729166666666666,False
1058,22.202689,1200,6088,1065600,0.0057132132132132135,False
1059,22.219367,1199,6252,1064712,0.005872010459166422,False
1060,22.236333,1202,6464,1067376,0.006055972778102562,False
1061,22.2527,1202,6509,1067376,0.006098132242059031,False
1062,22.268611,1202,6484,1067376,0.00607471031763877,False
1063,22.285433,1202,6500,1067376,0.006089700349267737,False
1064,22.303444,1202,6503,1067376,0.006092510980198168,False
1065,22.318922,1203,6592,1068264,0.00617075928796627,False
1066,22.3368,1203,6544,1068264,0.0061258265747043805,False
1067,22.352344,1202,6510,1067376,0.0060990691190358414,False
1068,22.368889,1202,6504,1067376,0.006093447857174979,False
1069,22.385978,1202,6480,1067376,0.006070962809731528,False
1070,22.402733,1202,6237,1067376,0.005843301704366596,False
1071,22.418622,1202,6036,1067376,0.005654989432027702,False
1072,22.435444,1198,5998,1063824,0.0056381506715396535,False
1073,22.452222,1186,6000,1053168,0.0056970967594913635,False
1074,22.468833,1175,6003,1043400,0.005753306497987349,False
1075,22.486744,1164,5852,1033632,0.005661589424476023,False
1076,22.503944,1155,5588,1025640,0.005448305448305448,False
1077,22.5189,1146,5540,1017648,0.005443925600993664,False
1078,22.536111,1134,5534,1006992,0.005495574940019385,False
1079,22.552822,1121,5522,995448,0.005547251086947786,False
1080,22.568756,1111,5513,986568,0.005588058805880588,False
1081,22.5861,1102,5488,978576,0.005608148983829565,False
1082,22.602367,1087,5490,965256,0.005687610333424501,False
1083,22.620578,1081,5495,959928,0.005724387662408014,False
1084,22.635822,1081,5520,959928,0.005750431282346176,False
1085,22.652889,1081,5530,959928,0.005760848730321441,False
1086,22.669189,1081,5540,959928,0.005771266178296705,False
1087,22.6869,1081,5534,959928,0.005765015709511547,False
1088,22.702744,1085,5508,963480,0.00571677668451862,False
1089,22.718922,1097,5510,974136,0.005656294398318099,False
1090,22.735222,1107,5507,983016,0.005602146862309464,False
1091,22.753344,1118,5499,992784,0.005538969201759899,False
1092,22.769556,1128,5509,1001664,0.005499848252507827,False
1093,22.787411,1139,5522,1011432,0.005459586012702782,False
1094,22.802522,1151,5537,1022088,0.005417341755308741,False
1095,22.818478,1162,5685,1031856,0.005509489696236684,False
1096,22.836044,1167,5756,1036296,0.005554397585245914,False
1097,22.853656,1167,5745,1036296,0.005543782857407536,False
1098,22.8692,1172,5765,1040736,0.005539349076038496,False
1099,22.886167,1176,5772,1044288,0.0055272108843537416,False
1100,22.902311,1172,5875,1040736,0.005645043507671494,False
1101,22.918956,1167,6008,1036296,0.005797571350270579,False
1102,22.935778,1169,6273,1038072,0.006042933438143019,False
1103,22.952133,1167,6465,1036296,0.006238565043192292,False
1104,22.969811,1170,6501,1038960,0.0062572187572187575,False
1105,22.985733,1170,6460,1038960,0.006217756217756218,False
1106,23.002067,1170,6446,1038960,0.006204281204281205,False
1107,23.018911,1174,6477,1042512,0.006212878125143883,False
1108,23.035433,1174,6100,1042512,0.0058512515923078105,False
1109,23.052589,1173,5756,1041624,0.005525986344400667,False
1110,23.069144,1175,5705,1043400,0.005467701744297489,False
1111,23.087122,1173,5705,1041624,0.005477024338916922,False
1112,23.103311,1173,5669,1041624,0.005442462923281338,False
1113,23.119367,1173,5680,1041624,0.005453023355836655,False
1114,23.136511,1172,5683,1040736,0.005460558681548443,False
1115,23.153167,1185,5664,1052280,0.005382597787661079,False
1116,23.169867,1194,5681,1060272,0.005358059064089215,False
1117,23.186489,1208,5669,1072704,0.005284775669709444,False
1118,23.202722,1219,5631,1082472,0.00520198212979181,False
1119,23.219222,1223,5582,1086024,0.0051398495797514605,False
1120,23.236211,1223,5592,1086024,0.00514905747939272,False
1121,23.2524,1218,5615,1081584,0.005191459932839243,False
1122,23.269956,1205,5592,1070040,0.005225972860827633,False
1123,23.2864,1192,5593,1058496,0.005283912267972671,False
1124,23.303044,1183,5568,1050504,0.005300312992620685,False
1125,23.3192,1171,5564,1039848,0.005350782037374693,False
1126,23.335678,1165,5457,1034520,0.005274910103236283,False
1127,23.353656,1157,5180,1027416,0.005041774704696053,False
1128,23.368622,1153,5099,1023864,0.00498015361415188,False
1129,23.388167,1151,5137,1022088,0.005025986020773162,False
1130,23.402956,1146,5111,1017648,0.005022365297234407,False
1131,23.419022,1140,5079,1012320,0.005017188240872451,False
1132,23.4358,1135,5006,1007880,0.004966861134262015,False
1133,23.4522,1129,4898,1002552,0.004885532122024593,False
1134,23.468911,1122,4787,996336,0.0048046040693099515,False
1135,23.486022,1116,4690,991008,0.004732555135780942,False
1136,23.502022,1110,4507,985680,0.004572477883288694,False
1137,23.519222,1104,4365,980352,0.004452482373678026,False
1138,23.5356,1097,4298,974136,0.004412114940829617,False
1139,23.552233,1091,4245,968808,0.004381673148859217,False
1140,23.569222,1086,4193,964368,0.004347925273339638,False
1141,23.585767,1081,4153,959928,0.004326366144127476,False
1142,23.601889,1074,4107,953712,0.00430633147113594,False
1143,23.618778,1068,4065,948384,0.004286238485676688,False
1144,23.635522,1061,4001,942168,0.00424658871878476,False
1145,23.652378,1058,3908,939504,0.004159641683271173,False
1146,23.669278,1052,3818,934176,0.004087024286644058,False
1147,23.686033,1047,3674,929736,0.00395165939578547,False
1148,23.702211,1043,3649,926184,0.003939821892842027,False
1149,23.718767,1038,3641,921744,0.003950120640872086,False
1150,23.7355,1033,3664,917304,0.003994313771661303,False
1151,23.752022,1029,3664,913752,0.004009840744534622,False
1152,23.768689,1023,3636,908424,0.004002536260600776,False
1153,23.7856,1016,3608,902208,0.003999077817975456,False
1154,23.802233,1011,3540,897768,0.003943112251717593,False
1155,23.818944,1004,3423,891552,0.003839372240766663,False
1156,23.835444,999,3331,887112,0.0037548810071332595,False
1157,23.852022,994,3297,882672,0.0037352493338408833,False
1158,23.869956,994,3244,882672,0.0036752043794297316,False
1159,23.885456,984,3177,873792,0.0036358767303889257,False
1160,23.903411,976,3116,866688,0.003595296115787919,False
1161,23.918722,971,3073,862248,0.0035639398409738265,False
1162,23.935878,966,3058,857808,0.0035649003040307387,False
1163,23.952478,961,2998,853368,0.0035131385287472698,False
1164,23.969556,958,2971,850704,0.003492401587391149,False
1165,23.985967,950,2985,843600,0.003538406827880512,False
1166,24.001878,948,3000,841824,0.003563690272551032,False
1167,24.019,941,2962,835608,0.0035447243204947774,False
1168,24.035544,934,2929,829392,0.0035315025946717595,False
1169,24.052456,934,2873,829392,0.003463983255203812,False
1170,24.069044,954,2806,847152,0.003312274538689633,False
1171,24.085756,962,2799,854256,0.003276535371129966,False
1172,24.102289,1006,2923,893328,0.0032720344599072235,False
1173,24.118767,1012,2949,898656,0.0032815671402627923,False
1174,24.1356,1047,2918,929736,0.00313852534482907,False
1175,24.152378,1050,2954,932400,0.003168168168168168,False
1176,24.168822,1077,3139,956376,0.00328218190335182,False
1177,24.185989,1081,3124,959928,0.003254410747472727,False
1178,24.202411,1100,3113,976800,0.003186936936936937,False
1179,24.219444,1103,3109,979464,0.0031741850644842486,False
1180,24.235522,1118,3074,992784,0.0030963432126222823,False
1181,24.252256,1120,2998,994560,0.0030143983268983267,False
1182,24.269367,1131,2973,1004328,0.0029601883050158913,False
1183,24.286044,1130,2890,1003440,0.002880092481862393,False
1184,24.3025,1141,2877,1013208,0.002839495937655447,False
1185,24.319122,1141,2829,1013208,0.002792121657152332,False
1186,24.3359,1147,2952,1018536,0.0028982775277457055,False
1187,24.353056,1147,2846,1018536,0.0027942065867087662,False
1188,24.370322,1154,2813,1024752,0.0027450544131653316,False
1189,24.387211,1154,2782,1024752,0.002714803191406311,False
1190,24.404144,1159,2736,1029192,0.002658396101019052,False
1191,24.420122,1159,2607,1029192,0.002533055056782408,False
1192,24.435889,1161,2563,1030968,0.0024860131449278735,False
1193,24.452811,1161,2492,1030968,0.002417145827998541,False
1194,24.469067,1162,2386,1031856,0.00231233815571165,False
1195,24.486056,1163,2320,1032744,0.002246442487199151,False
1196,24.502322,1165,2209,1034520,0.002135289796234002,False
1197,24.518811,1166,2018,1035408,0.0019489901565373263,False
1198,24.536244,1170,1958,1038960,0.0018845768845768846,False
1199,24.5533,1170,1889,1038960,0.0018181643181643182,False
1200,24.569422,1168,366,1037184,0.00035287856349500184,False
1201,24.5859,1166,380,1035408,0.00036700508398621604,False
1202,24.603522,1171,415,1039848,0.000399096791069464,False
1203,24.622433,1171,390,1039848,0.0003750548157038336,False
1204,24.638844,1171,389,1039848,0.00037409313668920844,False
1205,24.652967,1171,437,1039848,0.0004202537293912187,False
1206,24.668744,1172,466,1040736,0.00044776004673615597,False
1207,24.686078,1172,467,1040736,0.00044872090520554686,False
1208,24.702,1172,488,1040736,0.00046889893306275557,False
1209,24.718067,1170,497,1038960,0.0004783629783629784,False
1210,24.734444,1170,535,1038960,0.000514938014938015,False
1211,24.754078,1170,547,1038960,0.0005264880264880265,False
1212,24.767656,1169,624,1038072,0.0006011143735694634,False
1213,24.784811,1169,648,1038072,0.0006242341571682889,False
1214,24.802722,1169,697,1038072,0.0006714370486825576,False
1215,24.818911,1174,734,1042512,0.0007040686342219562,False
1216,24.836122,1174,736,1042512,0.0007059870773669752,False
1217,24.852322,1174,745,1042512,0.0007146200715195605,False
1218,24.868767,1174,737,1042512,0.0007069462989394847,False
1219,24.885522,1174,768,1042512,0.0007366821676872785,False
1220,24.902467,1175,743,1043400,0.0007120950737972015,False
1221,25.002467,1175,823,1043400,0.0007887674908951505,False
1222,25.021944,1175,892,1043400,0.0008548974506421315,False
1223,25.121944,1175,892,1043400,0.0008548974506421315,False
1224,25.221944,1175,893,1043400,0.0008558558558558559,False
1225,25.321944,1175,1018,1043400,0.0009756565075714012,False
1226,25.421944,1175,1051,1043400,0.0010072838796243051,False
1227,25.521944,1175,1103,1043400,0.001057120950737972,False
1228,25.553944,1175,1120,1043400,0.001073413839371286,False
1229,25.653944,1175,1114,1043400,0.00106766340808894,False
1230,25.669856,1175,1126,1043400,0.0010791642706536324,False
1231,25.769856,1175,1137,1043400,0.0010897067280046004,False
1232,25.869856,1175,1164,1043400,0.0011155836687751582,False
1233,25.969856,1175,1207,1043400,0.0011567950929653058,False
1234,26.069856,1175,1201,1043400,0.0011510446616829594,False
1235,26.169856,1175,1200,1043400,0.0011500862564692352,False
1236,26.269856,1175,1175,1043400,0.0011261261261261261,False
1237,26.369856,1174,1156,1042512,0.0011088601378209555,False
1238,26.472267,1174,1123,1042512,0.0010772058259281429,False
1239,26.572267,1174,1120,1042512,0.0010743281612106143,False
1240,26.586667,1174,1099,1042512,0.0010541845081879153,False
1241,26.686667,1174,1095,1042512,0.0010503476218978775,False
1242,26.786667,1174,1094,1042512,0.001049388400325368,False
1243,26.886667,1174,1098,1042512,0.001053225286615406,False
1244,26.986667,1174,1094,1042512,0.001049388400325368,False
1245,27.086667,1174,1098,1042512,0.001053225286615406,False
1246,27.186667,1174,1094,1042512,0.001049388400325368,False
1247,27.286667,1174,1098,1042512,0.001053225286615406,False
1248,27.386667,1174,1094,1042512,0.001049388400325368,False
1249,27.486667,1174,1098,1042512,0.001053225286615406,False
1250,27.586667,1174,1094,1042512,0.001049388400325368,False
1251,28.538767,1174,1098,1042512,0.001053225286615406,False
1252,28.638767,1174,1094,1042512,0.001049388400325368,False
1253,28.654089,1174,1098,1042512,0.001053225286615406,False
1254,28.754089,1174,1094,1042512,0.001049388400325368,False
1255,28.854089,1174,1098,1042512,0.001053225286615406,False
1256,28.954089,1174,1094,1042512,0.001049388400325368,False
1257,29.054089,1174,1098,1042512,0.001053225286615406,False
1258,29.154089,1174,1094,1042512,0.001049388400325368,False
1259,29.254089,1174,1098,1042512,0.001053225286615406,False
1260,29.354089,1174,1094,1042512,0.001049388400325368,False
1261,29.454089,1174,1098,1042512,0.001053225286615406,False
1262,29.554089,1174,1094,1042512,0.001049388400325368,False
1263,29.654089,1174,1098,1042512,0.001053225286615406,False
1264,31.538667,1174,1094,1042512,0.001049388400325368,False
1265,31.638667,1174,1098,1042512,0.001053225286615406,False
1266,31.652611,1174,1094,1042512,0.001049388400325368,False
1267,31.752611,1174,1098,1042512,0.001053225286615406,False
1268,31.852611,1174,1094,1042512,0.001049388400325368,False
1269,31.952611,1174,1098,1042512,0.001053225286615406,False
1270,32.052611,1174,1094,1042512,0.001049388400325368,False
1271,32.152611,1174,1098,1042512,0.001053225286615406,False
1272,32.252611,1174,1094,1042512,0.001049388400325368,False
1273,32.352611,1174,1098,1042512,0.001053225286615406,False
1274,32.452611,1174,1094,1042512,0.001049388400325368,False
1275,32.539733,1174,1098,1042512,0.001053225286615406,False
1276,32.639733,1174,1094,1042512,0.001049388400325368,False
1277,32.653378,1174,1098,1042512,0.001053225286615406,False
1278,32.753378,1174,1094,1042512,0.001049388400325368,False
1279,32.853378,1174,1098,1042512,0.001053225286615406,False
1280,32.953378,1174,1094,1042512,0.001049388400325368,False
1281,33.053378,1174,1098,1042512,0.001053225286615406,False
1282,33.153378,1174,1094,1042512,0.001049388400325368,False
1283,33.253378,1174,1098,1042512,0.001053225286615406,False
1284,33.353378,1174,1094,1042512,0.001049388400325368,False
1285,33.453378,1174,1098,1042512,0.001053225286615406,False
1286,33.553378,1174,1094,1042512,0.001049388400325368,False
1287,33.653378,1174,1098,1042512,0.001053225286615406,False
1288,34.538756,1174,1094,1042512,0.001049388400325368,False
1289,34.638756,1174,1098,1042512,0.001053225286615406,False
1290,34.654656,1174,1094,1042512,0.001049388400325368,False
1291,34.754656,1174,1098,1042512,0.001053225286615406,False
1292,34.854656,1174,1094,1042512,0.001049388400325368,False
1293,34.954656,1174,1098,1042512,0.001053225286615406,False
1294,35.054656,1174,1094,1042512,0.001049388400325368,False
1295,35.154656,1174,1098,1042512,0.001053225286615406,False
1296,35.254656,1174,1094,1042512,0.001049388400325368,False
1297,35.354656,1174,1098,1042512,0.001053225286615406,False
1298,35.454656,1174,1094,1042512,0.001049388400325368,False
1299,35.554656,1174,1098,1042512,0.001053225286615406,False
1300,35.654656,1174,1094,1042512,0.001049388400325368,False
1301,37.546889,1174,1098,1042512,0.001053225286615406,False
1302,37.646889,1174,1094,1042512,0.001049388400325368,False
1303,37.663467,1174,1098,1042512,0.001053225286615406,False
1304,37.763467,1174,1094,1042512,0.001049388400325368,False
1305,37.863467,1174,1098,1042512,0.001053225286615406,False
1306,37.963467,1174,1094,1042512,0.001049388400325368,False
1307,38.063467,1174,1098,1042512,0.001053225286615406,False
1308,38.163467,1174,1094,1042512,0.001049388400325368,False
1309,38.263467,1174,1098,1042512,0.001053225286615406,False
1310,38.363467,1174,1094,1042512,0.001049388400325368,False
1311,38.463467,1174,1098,1042512,0.001053225286615406,False
1312,38.563467,1174,1094,1042512,0.001049388400325368,False
1313,38.663467,1174,1098,1042512,0.001053225286615406,False
1314,40.556211,1174,1094,1042512,0.001049388400325368,False
1315,40.656211,1174,1098,1042512,0.001053225286615406,False
1316,40.674256,1174,1094,1042512,0.001049388400325368,False
1317,40.774256,1174,1098,1042512,0.001053225286615406,False
1318,40.874256,1174,1094,1042512,0.001049388400325368,False
1319,40.974256,1174,1098,1042512,0.001053225286615406,False
1320,41.074256,1174,1094,1042512,0.001049388400325368,False
1321,41.174256,1174,1098,1042512,0.001053225286615406,False
1322,41.274256,1174,1094,1042512,0.001049388400325368,False
1323,41.374256,1174,1098,1042512,0.001053225286615406,False
1324,41.474256,1174,1094,1042512,0.001049388400325368,False
1325,41.574256,1174,1098,1042512,0.001053225286615406,False
1326,41.674256,1174,1094,1042512,0.001049388400325368,False
1327,43.543156,1174,1098,1042512,0.001053225286615406,False
1328,43.643156,1174,1094,1042512,0.001049388400325368,False
1329,43.659667,1174,1098,1042512,0.001053225286615406,False
1330,43.759667,1174,1094,1042512,0.001049388400325368,False
1331,43.859667,1174,1098,1042512,0.001053225286615406,False
1332,43.959667,1174,1094,1042512,0.001049388400325368,False
1333,44.059667,1174,1098,1042512,0.001053225286615406,False
1334,44.159667,1174,1094,1042512,0.001049388400325368,False
1335,44.259667,1174,1098,1042512,0.001053225286615406,False
1336,44.359667,1174,1094,1042512,0.001049388400325368,False
1337,44.459667,1174,1098,1042512,0.001053225286615406,False
1338,44.559667,1174,1094,1042512,0.001049388400325368,False
1339,44.659667,1174,1098,1042512,0.001053225286615406,False
1340,44.6682,1174,1094,1042512,0.001049388400325368,False
1341,44.7682,1174,1098,1042512,0.001053225286615406,False
1342,44.771822,1174,1094,1042512,0.001049388400325368,False
1343,44.871822,1174,1098,1042512,0.001053225286615406,False
1344,44.971822,1174,1094,1042512,0.001049388400325368,False
1345,45.071822,1174,1098,1042512,0.001053225286615406,False
1346,45.171822,1174,1094,1042512,0.001049388400325368,False
1347,45.271822,1174,1098,1042512,0.001053225286615406,False
1348,45.371822,1174,1094,1042512,0.001049388400325368,False
1349,45.471822,1174,1098,1042512,0.001053225286615406,False
1350,45.571822,1174,1094,1042512,0.001049388400325368,False
1351,45.671822,1174,1098,1042512,0.001053225286615406,False
1352,45.771822,1174,1094,1042512,0.001049388400325368,False
1353,46.540489,1174,1098,1042512,0.001053225286615406,False
1354,46.640489,1174,1094,1042512,0.001049388400325368,False
1355,46.656167,1174,1098,1042512,0.001053225286615406,False
1356,46.756167,1174,1094,1042512,0.001049388400325368,False
1357,46.856167,1174,1098,1042512,0.001053225286615406,False
1358,46.956167,1174,1094,1042512,0.001049388400325368,False
1359,47.056167,1174,1098,1042512,0.001053225286615406,False
1360,47.156167,1174,1094,1042512,0.001049388400325368,False
1361,47.256167,1174,1098,1042512,0.001053225286615406,False
1362,47.356167,1174,1094,1042512,0.001049388400325368,False
1363,47.456167,1174,1098,1042512,0.001053225286615406,False
1364,47.556167,1174,1094,1042512,0.001049388400325368,False
1365,47.656167,1174,1098,1042512,0.001053225286615406,False
1366,48.825122,1174,1094,1042512,0.001049388400325368,False
1367,48.925122,1174,1098,1042512,0.001053225286615406,False
1368,48.939311,1174,1094,1042512,0.001049388400325368,False
1369,49.039311,1174,1098,1042512,0.001053225286615406,False
1370,49.139311,1174,1094,1042512,0.001049388400325368,False
1371,49.239311,1174,1098,1042512,0.001053225286615406,False
1372,49.339311,1174,1094,1042512,0.001049388400325368,False
1373,49.439311,1174,1098,1042512,0.001053225286615406,False
1374,49.539311,1174,1094,1042512,0.001049388400325368,False
1375,49.558244,1174,1098,1042512,0.001053225286615406,False
1376,49.658244,1174,1094,1042512,0.001049388400325368,False
1377,49.673511,1174,1098,1042512,0.001053225286615406,False
1378,49.773511,1174,1094,1042512,0.001049388400325368,False
1379,49.873511,1174,1098,1042512,0.001053225286615406,False
1380,49.973511,1174,1094,1042512,0.001049388400325368,False
1381,50.073511,1174,1098,1042512,0.001053225286615406,False
1382,50.173511,1174,1094,1042512,0.001049388400325368,False
1383,50.273511,1174,1098,1042512,0.001053225286615406,False
1384,50.373511,1174,1094,1042512,0.001049388400325368,False
1385,50.473511,1174,1098,1042512,0.001053225286615406,False
1386,50.573511,1174,1094,1042512,0.001049388400325368,False
1387,50.673511,1174,1098,1042512,0.001053225286615406,False
1388,51.792544,1174,1094,1042512,0.001049388400325368,False
1389,51.892544,1174,1098,1042512,0.001053225286615406,False
1390,51.906956,1174,1094,1042512,0.001049388400325368,False
1391,52.006956,1174,1098,1042512,0.001053225286615406,False
1392,52.106956,1174,1094,1042512,0.001049388400325368,False
1393,52.206956,1174,1098,1042512,0.001053225286615406,False
1394,52.306956,1174,1094,1042512,0.001049388400325368,False
1395,52.406956,1174,1098,1042512,0.001053225286615406,False
1396,52.506956,1174,1094,1042512,0.001049388400325368,False
1397,52.558944,1174,1098,1042512,0.001053225286615406,False
1398,52.658944,1174,1094,1042512,0.001049388400325368,False
1399,52.674456,1174,1098,1042512,0.001053225286615406,False
1400,52.774456,1174,1094,1042512,0.001049388400325368,False
1401,52.874456,1174,1098,1042512,0.001053225286615406,False
1402,52.974456,1174,1094,1042512,0.001049388400325368,False
1403,53.074456,1174,1098,1042512,0.001053225286615406,False
1404,53.174456,1174,1094,1042512,0.001049388400325368,False
1405,53.274456,1174,1098,1042512,0.001053225286615406,False
1406,53.374456,1174,1094,1042512,0.001049388400325368,False
1407,53.474456,1174,1098,1042512,0.001053225286615406,False
1408,53.574456,1174,1094,1042512,0.001049388400325368,False
1409,53.674456,1174,1098,1042512,0.001053225286615406,False
1410,53.758267,1174,1094,1042512,0.001049388400325368,False
1411,53.858267,1174,1098,1042512,0.001053225286615406,False
1412,53.8736,1174,1094,1042512,0.001049388400325368,False
1413,53.9736,1174,1098,1042512,0.001053225286615406,False
1414,54.0736,1174,1094,1042512,0.001049388400325368,False
1415,54.1736,1174,1098,1042512,0.001053225286615406,False
1416,54.2736,1174,1094,1042512,0.001049388400325368,False
1417,54.3736,1174,1098,1042512,0.001053225286615406,False
1418,54.4736,1174,1094,1042512,0.001049388400325368,False
1419,54.5736,1174,1098,1042512,0.001053225286615406,False
1420,54.6736,1174,1094,1042512,0.001049388400325368,False
1421,54.7736,1174,1098,1042512,0.001053225286615406,False
1422,54.8736,1174,1094,1042512,0.001049388400325368,False
1423,55.5586,1174,1098,1042512,0.001053225286615406,False
1424,55.6586,1174,1094,1042512,0.001049388400325368,False
1425,55.674011,1174,1098,1042512,0.001053225286615406,False
1426,55.774011,1174,1094,1042512,0.001049388400325368,False
1427,55.874011,1174,1098,1042512,0.001053225286615406,False
1428,55.974011,1174,1094,1042512,0.001049388400325368,False
1429,56.074011,1174,1098,1042512,0.001053225286615406,False
1430,56.174011,1174,1094,1042512,0.001049388400325368,False
1431,56.274011,1174,1098,1042512,0.001053225286615406,False
1432,56.374011,1174,1094,1042512,0.001049388400325368,False
1433,56.474011,1174,1098,1042512,0.001053225286615406,False
1434,56.574011,1174,1094,1042512,0.001049388400325368,False
1435,56.674011,1174,1098,1042512,0.001053225286615406,False
1436,56.792756,1174,1094,1042512,0.001049388400325368,False
1437,56.892756,1174,1098,1042512,0.001053225286615406,False
1438,56.908089,1174,1094,1042512,0.001049388400325368,False
1439,57.008089,1174,1098,1042512,0.001053225286615406,False
1440,57.108089,1174,1094,1042512,0.001049388400325368,False
1441,57.208089,1174,1098,1042512,0.001053225286615406,False
1442,57.308089,1174,1094,1042512,0.001049388400325368,False
1443,57.408089,1174,1098,1042512,0.001053225286615406,False
1444,57.508089,1174,1094,1042512,0.001049388400325368,False
1445,57.608089,1174,1098,1042512,0.001053225286615406,False
1446,57.708089,1174,1094,1042512,0.001049388400325368,False
1447,57.808089,1174,1098,1042512,0.001053225286615406,False
1448,57.908089,1174,1094,1042512,0.001049388400325368,False
1449,58.559389,1174,1098,1042512,0.001053225286615406,False
1450,58.659389,1174,1094,1042512,0.001049388400325368,False
1451,58.674067,1174,1098,1042512,0.001053225286615406,False
1452,58.774067,1174,1094,1042512,0.001049388400325368,False
1453,58.874067,1174,1098,1042512,0.001053225286615406,False
1454,58.974067,1174,1094,1042512,0.001049388400325368,False
1455,59.074067,1174,1098,1042512,0.001053225286615406,False
1456,59.174067,1174,1094,1042512,0.001049388400325368,False
1457,59.274067,1174,1098,1042512,0.001053225286615406,False
1458,59.374067,1174,1094,1042512,0.001049388400325368,False
1459,59.474067,1174,1098,1042512,0.001053225286615406,False
1460,59.574067,1174,1094,1042512,0.001049388400325368,False
1461,59.674067,1174,1098,1042512,0.001053225286615406,False
