frame,seconds,card_rows,paper_pixels,card_area,paper_fraction,suspect
0,0.0,1160,312,1030080,0.00030288909599254424,False
1,0.107489,1160,303,1030080,0.0002941519105312209,False
2,0.207489,1160,304,1030080,0.0002951227089158124,False
3,0.307489,1166,277,1035408,0.0002675273901688996,False
4,0.407489,1166,233,1035408,0.00022503206465470616,False
5,0.507489,1166,179,1035408,0.00017287871061455966,False
6,0.607489,1166,161,1035408,0.00015549425926784417,False
7,0.707489,1166,140,1035408,0.00013521239936334275,False
8,0.807489,1167,139,1036296,0.00013413156086677938,False
9,0.907489,1167,122,1036296,0.00011772698148019485,False
10,1.007489,1159,111,1029192,0.00010785159620362382,False
11,1.107489,1159,102,1029192,9.910687218711377e-05,False
12,1.615444,1158,105,1028304,0.00010210988190262801,False
13,1.715444,1160,80,1030080,7.766387076731904e-05,False
14,1.731756,1159,87,1029192,8.453233215959704e-05,False
15,1.831756,1159,86,1029192,8.35606961577626e-05,False
16,1.883956,14,9768,12432,0.7857142857142857,True
17,1.900356,1155,1639,1025640,0.001598026598026598,False
18,1.915167,1176,943,1044288,0.0009030075994361709,False
19,1.932856,1176,897,1044288,0.0008589584482441625,False
20,1.945678,58,28416,51504,0.5517241379310345,True
21,1.962522,1211,2060,1075368,0.0019156233029065399,False
22,1.978278,1216,1266,1079808,0.001172430654338549,False
23,1.995267,1221,1290,1084248,0.0011897647032782168,False
24,2.012011,102,26574,90576,0.2933889772125066,True
25,2.029089,1210,3131,1074480,0.0029139676866949595,False
26,2.045022,1199,2243,1064712,0.002106672978232611,False
27,2.061356,1190,1025,1056720,0.0009699825876296464,False
28,2.079444,60,27950,53280,0.5245870870870871,True
29,2.162922,1159,4489,1029192,0.00436167401223484,False
30,2.179144,1159,2329,1029192,0.002262940248272431,False
31,2.195722,1162,1364,1031856,0.0013218898761067435,False
32,2.212756,160,20070,142080,0.14125844594594594,True
33,2.229567,1162,1448,1031856,0.0014032965840194756,False
34,2.245944,1164,1505,1033632,0.0014560307730410824,False
35,2.262222,1164,1361,1033632,0.0013167162007368192,False
36,2.279811,89,29870,79032,0.3779481728919931,True
37,2.295611,1177,3200,1045176,0.0030616853046759587,False
38,2.312611,1178,1351,1046064,0.0012915079765673993,False
39,2.329189,1178,1362,1046064,0.0013020235855549947,False
40,2.345989,90,28208,79920,0.3529529529529529,True
41,2.362233,1174,2543,1042512,0.0024393004588916,False
42,2.379022,1175,1542,1043400,0.0014778608395629672,False
43,2.396033,1172,1185,1040736,0.0011386172862282078,False
44,2.411678,107,24184,95016,0.2545255535909742,True
45,2.428611,1162,4958,1031856,0.0048049340218014915,False
46,2.445589,1154,3101,1024752,0.0030260980217652663,False
47,2.464311,1144,1314,1015872,0.0012934700434700434,False
48,2.4792,111,32616,98568,0.3308984660336012,True
49,2.495744,1121,7315,995448,0.007348450145060315,False
50,2.511578,1109,3552,984792,0.0036068530207394047,False
51,2.528333,1099,1871,975912,0.0019171810573084458,False
52,2.5455,117,34965,103896,0.33653846153846156,True
53,2.561822,1081,4415,959928,0.004599303281079414,False
54,2.579333,1082,3225,960816,0.0033565219563371136,False
55,2.595378,1081,2071,959928,0.0021574534756773423,False
56,2.612622,98,26889,87024,0.3089837286265858,True
57,2.628844,1082,8724,960816,0.009079782185142628,False
58,2.645311,1085,5707,963480,0.005923319632997052,False
59,2.661567,1096,2640,973248,0.00271256658117972,False
60,2.680233,115,15600,102120,0.15276145710928318,True
61,2.695656,1117,6314,991896,0.006365586714736222,False
62,2.713067,1129,4356,1002552,0.004344911785124363,False
63,2.729833,1141,2722,1013208,0.002686516490197472,False
64,2.745689,144,27806,127872,0.21745182682682682,True
65,2.763011,1160,10247,1030080,0.009947771046908978,False
66,2.779433,1170,5394,1038960,0.005191730191730192,False
67,2.796478,1180,3341,1047840,0.00318846388761643,False
68,2.812889,172,48177,152736,0.31542661847894404,True
69,2.829156,1197,12338,1062936,0.011607472133787924,True
70,2.845689,1199,8453,1064712,0.007939236150245325,False
71,2.8623,1197,4825,1062936,0.004539313749840066,False
72,2.879078,119,43182,105672,0.40864183511242336,True
73,2.895822,1199,9490,1064712,0.008913208454492859,False
74,2.912367,1200,7242,1065600,0.006796171171171171,False
75,2.929022,1201,5021,1066488,0.004707976085994404,False
76,2.946467,90,28027,79920,0.3506881881881882,True
77,2.962789,1199,12526,1064712,0.011764683783032408,True
78,2.978556,1198,7018,1063824,0.0065969558874400275,False
79,2.995733,1201,4624,1066488,0.0043357262341442195,False
80,3.012667,103,9323,91464,0.10193081430945508,True
81,3.029722,1198,8041,1063824,0.007558581118681285,False
82,3.046344,1199,6055,1064712,0.005686983897993072,False
83,3.062956,1199,4401,1064712,0.0041335121610350965,False
84,3.079422,118,27808,104784,0.2653840280958925,True
85,3.095867,1200,11735,1065600,0.011012575075075075,True
86,3.112611,1201,8303,1066488,0.00778536654889694,False
87,3.129911,1201,7448,1066488,0.0069836697646855845,False
88,3.148678,106,33666,94128,0.35766190719020907,True
89,3.162922,1202,10022,1067376,0.00938938106159404,False
90,3.1792,1201,7937,1066488,0.0074421840658310265,False
91,3.195878,1201,5230,1066488,0.004903946411023846,False
92,3.211944,96,26868,85248,0.31517454954954954,True
93,3.229067,1202,15993,1067376,0.014983473490129065,True
94,3.245478,1201,10300,1066488,0.009657867692838551,False
95,3.262167,1203,5689,1068264,0.0053254626197269585,False
96,3.280044,89,15599,79032,0.1973757465330499,True
97,3.295344,1202,14011,1067376,0.01312658332209081,True
98,3.312722,1202,9495,1067376,0.008895646894814948,False
99,3.329067,1201,6264,1066488,0.00587348380853793,False
100,3.346033,102,10634,90576,0.1174041688747571,True
101,3.363767,1200,13256,1065600,0.01243993993993994,True
102,3.379167,1200,8718,1065600,0.008181306306306306,False
103,3.395644,1202,5687,1067376,0.005328019367120865,False
104,3.413822,114,30398,101232,0.30028054370159635,True
105,3.429256,1199,16057,1064712,0.015081073567312099,True
106,3.446111,1200,12053,1065600,0.011310998498498499,True
107,3.462667,1200,7292,1065600,0.006843093093093093,False
108,3.483022,105,30664,93240,0.3288717288717289,True
109,3.495867,1200,16905,1065600,0.015864301801801803,True
110,3.512456,1200,10513,1065600,0.009865803303303304,False
111,3.528878,1201,6697,1066488,0.006279489314460172,False
112,3.547356,87,29491,77256,0.3817308687998343,True
113,3.562589,1199,18214,1064712,0.01710697352899188,True
114,3.5796,1198,10635,1063824,0.009996954383431846,False
115,3.5959,1199,7822,1064712,0.00734658762181698,False
116,3.612878,103,10668,91464,0.11663605352925742,True
117,3.629178,1199,15325,1064712,0.014393563705490312,True
118,3.6465,1198,7056,1063824,0.006632676081757885,False
119,3.6627,1200,6911,1065600,0.006485548048048048,False
120,3.679278,116,27889,103008,0.2707459614787201,True
121,3.6957,1200,13355,1065600,0.012532845345345345,True
122,3.712089,1198,9660,1063824,0.009080449397644724,False
123,3.729256,1200,6700,1065600,0.006287537537537537,False
124,3.746156,105,29488,93240,0.31625911625911624,True
125,3.762378,1200,15612,1065600,0.0146509009009009,True
126,3.779144,1200,11881,1065600,0.011149587087087087,True
127,3.795744,1199,7001,1064712,0.006575487080074236,False
128,3.812278,96,26686,85248,0.3130396021021021,True
129,3.830122,1200,20287,1065600,0.0190381006006006,True
130,3.845144,1197,13020,1062936,0.012249091196459618,True
131,3.861822,1198,7370,1063824,0.00692783768743702,False
132,3.878667,87,14903,77256,0.19290411100755928,True
133,3.896589,1196,15979,1062048,0.015045459338937599,True
134,3.911822,1199,10725,1064712,0.01007314654103645,True
135,3.929911,1200,7752,1065600,0.007274774774774775,False
136,3.945856,107,15145,95016,0.15939420729140355,True
137,3.962411,1174,9865,1042512,0.009462720812805992,False
138,3.978967,1168,9260,1037184,0.008928020486239665,False
139,3.9954,1168,8682,1037184,0.008370742317660126,False
140,4.012311,74,35471,65712,0.5397948624299975,True
141,4.112311,70,31847,62160,0.5123391248391248,True
142,4.129578,72,33600,63936,0.5255255255255256,True
143,4.229578,72,33573,63936,0.5251032282282282,True
144,4.325522,1165,9737,1034520,0.009412094497931407,False
145,4.347833,1164,8499,1033632,0.008222462152874524,False
146,4.363178,1164,7793,1033632,0.007539433763660568,False
147,4.379189,42,34629,37296,0.928490990990991,True
148,4.3968,1141,11891,1013208,0.011735991030469559,True
149,4.412633,1132,7974,1005216,0.007932623436157004,False
150,4.428656,1118,6690,992784,0.0067386259246724365,False
151,4.446211,95,26497,84360,0.31409435751541015,True
152,4.462378,1097,18269,974136,0.01875405487529462,True
153,4.478778,1086,11771,964368,0.012205921391004263,True
154,4.496122,1086,10341,964368,0.010723084963416455,True
155,4.512256,74,22197,65712,0.33779218407596784,True
156,4.529711,1062,12917,943056,0.013696959671535943,True
157,4.548856,1051,9049,933288,0.00969582808307832,False
158,4.562478,1036,7828,919968,0.008508991617099726,False
159,4.579322,93,29405,82584,0.35606170686815847,True
160,4.596089,1039,14583,922632,0.015805868428582576,True
161,4.613567,1039,12417,922632,0.013458236870171423,True
162,4.628333,1071,11467,951048,0.012057225292519411,True
163,4.645056,140,15849,124320,0.12748552123552123,True
164,4.662489,1084,11004,962592,0.011431634586616137,True
165,4.678344,1096,7832,973248,0.008047280857499835,False
166,4.6955,1094,6449,971472,0.006638379695966533,False
167,4.713333,153,46969,135864,0.3457060001177648,True
168,4.729133,1093,14149,970584,0.014577821188068215,True
169,4.746822,1093,10154,970584,0.010461742620937497,True
170,4.762222,1093,6701,970584,0.006904090733001986,False
171,4.780311,99,28388,87912,0.3229138229138229,True
172,4.796356,1093,13272,970584,0.013674241487599218,True
173,4.813289,1095,8492,972360,0.008733390925171747,False
174,4.829011,1096,6576,973248,0.006756756756756757,False
175,4.846267,94,28383,83472,0.3400301897642323,True
176,4.863122,1094,20215,971472,0.020808628555429285,True
177,4.879711,1095,12362,972360,0.012713398329836686,True
178,4.896767,1095,7364,972360,0.007573326751408943,False
179,4.912278,89,15599,79032,0.1973757465330499,True
180,4.9288,1092,15691,969696,0.016181359931359933,True
181,4.946689,1099,10608,975912,0.010869832525883482,True
182,4.962222,1111,7616,986568,0.00771969088800772,False
183,4.9799,118,12731,104784,0.12149755687891281,True
184,4.995778,1134,13190,1006992,0.013098415876193654,True
185,5.012778,1145,10356,1016760,0.010185294464770447,True
186,5.028656,1156,8781,1026528,0.00855407743383522,False
187,5.045433,70,28414,62160,0.4571106821106821,True
188,5.065022,1177,10344,1045176,0.009896897747365038,False
189,5.078856,1188,9275,1054944,0.008791935875269209,False
190,5.0959,1200,7281,1065600,0.00683277027027027,False
191,5.112967,97,28320,86136,0.32878239063806075,True
192,5.1285,1221,17723,1084248,0.016345891345891345,True
193,5.146444,1234,12260,1095792,0.011188254705272533,True
194,5.161911,1245,7571,1105560,0.006848113173414379,False
195,5.178967,89,28285,79032,0.3578930053649155,True
196,5.196978,1264,12595,1122432,0.011221169745695063,True
197,5.212533,1273,8212,1130424,0.0072645308309094644,False
198,5.2287,1273,5862,1130424,0.005185664847880088,False
199,5.246122,76,19945,67488,0.2955340208629682,True
200,5.2621,1274,7271,1131312,0.0064270510699082125,False
201,5.279222,1273,5584,1130424,0.004939739425206825,False
202,5.297333,1273,5142,1130424,0.004548735695632789,False
203,5.312078,61,19198,54168,0.3544158913011372,True
204,5.328833,1272,17273,1129536,0.015292119950138818,True
205,5.345822,1271,11326,1128648,0.01003501534579426,True
206,5.363189,1271,9900,1128648,0.00877155676526251,False
207,5.379111,49,14206,43512,0.32648464791321935,True
208,5.396333,1270,15441,1127760,0.013691742924026388,True
209,5.4119,1273,8218,1130424,0.007269838573844859,False
210,5.428856,1272,4916,1129536,0.004352229588078645,False
211,5.445767,45,14143,39960,0.3539289289289289,True
212,5.463178,1273,8477,1130424,0.007498956143889373,False
213,5.479067,1273,7862,1130424,0.006954912493011472,False
214,5.496311,1273,3549,1130424,0.0031395299462856417,False
215,5.512333,43,0,38184,0.0,False
216,5.528911,1272,10644,1129536,0.009423338432772396,False
217,5.547233,1271,7198,1128648,0.006377541979430256,False
218,5.562889,1268,4635,1125984,0.004116399522550942,False
219,5.578878,61,17836,54168,0.3292718948456653,True
220,5.598578,1244,15305,1104672,0.013854791286463311,True
221,5.613811,1236,8054,1097568,0.007338041925420567,False
222,5.629656,1225,4544,1087800,0.004177238462952749,False
223,5.645322,49,14162,43512,0.32547343261628975,True
224,5.662833,1201,7900,1066488,0.0074074907547014126,False
225,5.679411,1178,4341,1046064,0.004149841692286514,False
226,5.6951,1178,4338,1046064,0.004146973798926261,False
227,5.711422,49,14846,43512,0.3411932340503769,True
228,5.728611,1153,14629,1023864,0.014288030441543018,True
229,5.745344,1146,9475,1017648,0.009310685030580319,False
230,5.763711,1133,4748,1006104,0.004719194039582389,False
231,5.7787,52,18499,46176,0.40061936936936937,True
232,5.797556,1110,13957,985680,0.014159767875984093,True
233,5.813167,1099,9185,975912,0.009411709252473584,False
234,5.828667,1086,4861,964368,0.0050406069052477895,False
235,5.844967,52,926,46176,0.020053707553707553,True
236,5.861833,1085,10669,963480,0.011073400589529622,True
237,5.878222,1088,6992,966144,0.0072370164281928984,False
238,5.896444,1088,6717,966144,0.006952379769475357,False
239,5.9128,105,28886,93240,0.3098026598026598,True
240,5.928411,1088,17349,966144,0.017956950516693163,True
241,5.945444,1089,11082,967032,0.01145980691435237,True
242,5.961633,1088,5408,966144,0.005597509273979862,False
243,5.979033,72,19301,63936,0.301880005005005,True
244,5.995489,1089,5475,967032,0.005661653388926116,False
245,6.011633,1091,4769,968808,0.004922543992204854,False
246,6.028056,1088,4824,966144,0.004993044515103339,False
247,6.044844,110,13092,97680,0.13402948402948403,True
248,6.061933,1081,6300,959928,0.006562992224416832,False
249,6.078133,1080,4223,959040,0.004403361695028362,False
250,6.095011,1080,4179,959040,0.004357482482482482,False
251,6.111511,94,18737,83472,0.22447048111941728,True
252,6.129022,1070,11437,950160,0.01203692009766776,True
253,6.144944,1077,9020,956376,0.00943143700803868,False
254,6.162078,1086,4057,964368,0.004206900270436182,False
255,6.178744,109,19246,96792,0.19883874700388462,True
256,6.195156,1086,13499,964368,0.013997768486718763,True
257,6.212489,1086,9309,964368,0.009652954059031407,False
258,6.228511,1085,4363,963480,0.004528376302569851,False
259,6.245267,81,15340,71928,0.2132688243799355,True
260,6.262122,1083,14415,961704,0.014989019490404532,True
261,6.278533,1085,11596,963480,0.012035537841989455,True
262,6.2949,1083,11692,961704,0.012157586949830717,True
263,6.311867,101,18897,89688,0.2106970832218357,True
264,6.3287,1067,13703,947496,0.014462330183979669,True
265,6.345911,1089,9102,967032,0.009412304866850322,False
266,6.363022,1087,8054,965256,0.008343900478215106,False
267,6.379222,85,4035,75480,0.053457869634340224,True
268,6.395644,1082,16659,960816,0.017338387370734877,True
269,6.412978,1075,11502,954600,0.012049025769956003,True
270,6.429922,1071,10203,951048,0.010728165139929845,True
271,6.445867,83,27848,73704,0.3778356669922935,True
272,6.462389,1078,11548,957264,0.012063547777833493,True
273,6.562389,1078,11468,957264,0.011979976265690551,True
274,6.579389,1088,11401,966144,0.011800518349231584,True
275,6.679389,1088,11367,966144,0.011765326907790143,True
276,6.773122,1081,9213,959928,0.009597594819611472,False
277,6.7955,1084,9118,962592,0.009472341345035072,False
278,6.812111,19,16643,16872,0.9864272166903746,True
279,6.8289,1081,12847,959928,0.013383295413822703,True
280,6.845222,1082,7217,960816,0.007511323708181379,False
281,6.862322,1070,6189,950160,0.006513639808032331,False
282,6.878856,77,13248,68376,0.19375219375219374,True
283,6.896011,1062,7327,943056,0.007769421964337219,False
284,6.912789,1065,6885,945720,0.007280167491435097,False
285,6.928989,1078,5762,957264,0.006019238162095305,False
286,6.945633,81,1377,71928,0.019144144144144143,True
287,6.962378,1100,10122,976800,0.010362407862407863,True
288,6.979222,1100,9461,976800,0.009685708435708436,False
289,6.9962,1104,8029,980352,0.008189915458937198,False
290,7.013567,65,26483,57720,0.4588184338184338,True
291,7.029533,1101,14077,977688,0.014398253839670734,True
292,7.0458,1102,10369,978576,0.01059600889455699,True
293,7.061733,1106,8698,982128,0.008856279425899678,False
294,7.079256,95,17438,84360,0.20670934091986723,True
295,7.095456,1103,16815,979464,0.01716755286564897,True
296,7.113822,1105,11559,981240,0.011779992662345603,True
297,7.128867,1104,7842,980352,0.007999167645906776,False
298,7.1458,79,4476,70152,0.06380431063975368,True
299,7.162256,1096,17537,973248,0.018019045505359373,True
300,7.180211,1070,10429,950160,0.010976046139597542,True
301,7.195789,1062,5978,943056,0.006338966084728797,False
302,7.2137,77,19239,68376,0.2813706563706564,True
303,7.2295,1040,7807,923520,0.00845352564102564,False
304,7.246344,1031,6499,915528,0.007098635978364397,False
305,7.262633,1022,6372,907536,0.007021209076003596,False
306,7.279156,62,16104,55056,0.2925021795989538,True
307,7.295522,1025,5598,910200,0.0061502966381015165,False
308,7.313256,1028,5132,912864,0.0056218670031899605,False
309,7.329989,1014,5033,900432,0.005589539243385397,False
310,7.346189,116,22935,103008,0.22265260950605778,True
311,7.3624,1014,9693,900432,0.010764832880217496,True
312,7.379733,1015,7600,901320,0.008432077397594639,False
313,7.395778,1023,5409,908424,0.005954268051042245,False
314,7.412589,109,27462,96792,0.2837217951896851,True
315,7.4289,1026,14215,911088,0.015602225032049593,True
316,7.445711,1025,11041,910200,0.012130301032740057,True
317,7.462633,1026,8351,911088,0.009165964209823858,False
318,7.478889,98,26550,87024,0.30508825151682295,True
319,7.495689,1027,21484,911976,0.023557637481688116,True
320,7.511967,1026,13665,911088,0.01499855118276171,True
321,7.528133,1027,8041,911976,0.008817117994333185,False
322,7.545622,93,25908,82584,0.3137169427492008,True
323,7.562489,1027,11242,911976,0.012327078782774985,True
324,7.578733,1036,10493,919968,0.011405831507182858,True
325,7.595533,1036,9169,919968,0.009966651013948311,False
326,7.612311,106,14748,94128,0.1566802651708312,True
327,7.628733,1035,14598,919080,0.015883274578926753,True
328,7.646289,1037,14212,920856,0.015433466253138385,True
329,7.662078,1036,8405,919968,0.009136187345646805,False
330,7.679444,100,22705,88800,0.25568693693693695,True
331,7.695667,1034,15894,918192,0.017310105076062524,True
332,7.712078,1035,14266,919080,0.015522043782913348,True
333,7.728844,1033,9285,917304,0.010122053321472488,True
334,7.746422,97,22996,86136,0.26697315872573607,True
335,7.7624,1034,21121,918192,0.02300281422621848,True
336,7.779067,1034,11705,918192,0.012747878439367802,True
337,7.7961,1036,7293,919968,0.007927449650422623,False
338,7.812722,92,26584,81696,0.3254014884449667,True
339,7.828956,1045,20330,927960,0.02190827190827191,True
340,7.845922,1047,13227,929736,0.014226619169312579,True
341,7.862589,1008,8557,895104,0.009559782997282997,False
342,7.879644,91,13778,80808,0.1705029205029205,True
343,7.896111,974,14263,864912,0.01649069500712211,True
344,7.912167,969,10362,860472,0.012042227986500433,True
345,7.928778,960,8665,852480,0.010164461336336337,True
346,7.946667,133,18787,118104,0.159071665650613,True
347,7.962511,936,8827,831168,0.010619994994994995,True
348,7.9791,931,8400,826728,0.01016053647632595,True
349,7.995689,931,6736,826728,0.008147782583872809,False
350,8.012678,88,36965,78144,0.4730369574119574,True
351,8.029767,902,6684,800976,0.008344819320429077,False
352,8.046044,907,6590,805416,0.008182107134698094,False
353,8.063389,898,5775,797424,0.007242069463673027,False
354,8.079211,109,29204,96792,0.30171915034300356,True
355,8.095267,880,8074,781440,0.010332207207207207,True
356,8.112067,872,7332,774336,0.009468757748574263,False
357,8.128578,878,5618,779664,0.007205668082661249,False
358,8.145633,171,12429,151848,0.0818515884305358,True
359,8.1634,901,7004,800088,0.008754037055923848,False
360,8.179467,914,6163,811632,0.007593342795749798,False
361,8.195756,925,5542,821400,0.006747017287557828,False
362,8.212678,125,44422,111000,0.4001981981981982,True
363,8.228356,950,11264,843600,0.013352299668089141,True
364,8.246311,962,7729,854256,0.009047639115206682,False
365,8.295911,977,6528,867576,0.0075244128468284046,False
366,8.364111,162,37608,143856,0.2614280947614281,True
367,8.378856,1020,9597,905760,0.010595521992580816,True
368,8.396078,1044,9104,927072,0.009820164992578786,False
369,8.412433,1044,8805,927072,0.009497644195920057,False
370,8.4289,297,25809,263736,0.09785922285922286,True
371,8.446233,1052,5859,934176,0.006271837426780393,False
372,8.462467,1050,5230,932400,0.005609180609180609,False
373,8.479156,1050,4711,932400,0.005052552552552552,False
374,8.496411,102,30202,90576,0.3334437378555026,True
375,8.516489,1025,14883,910200,0.01635135135135135,True
376,8.535633,1012,8361,898656,0.00930389381476338,False
377,8.553789,997,5127,885336,0.005791021713790019,False
378,8.575056,128,26720,113664,0.23507882882882883,True
379,8.593478,975,11767,865800,0.013590898590898591,True
380,8.612611,978,7877,868464,0.009070036293962674,False
381,8.632844,960,5536,852480,0.006493993993993994,False
382,8.652544,143,29784,126984,0.23454923454923454,True
383,8.671411,963,10369,855144,0.012125443200209555,True
384,8.6895,962,4568,854256,0.005347343185181023,False
385,8.714311,963,4592,855144,0.005369855837145557,False
386,8.733311,207,46104,183816,0.2508160334247291,True
387,8.752156,967,9587,858696,0.011164603072565844,True
388,8.770311,969,4832,860472,0.00561552264338642,False
389,8.795733,975,4728,865800,0.0054608454608454605,False
390,8.811933,192,42068,170496,0.24673892642642642,True
391,8.828978,973,13340,864024,0.015439385942983065,True
392,8.847989,972,9171,863136,0.010625208541875208,True
393,8.866222,977,7639,867576,0.008804992300386364,False
394,8.893889,126,28863,111888,0.2579633204633205,True
395,8.903456,978,6856,868464,0.007894397464949613,False
396,8.919933,977,6240,867576,0.007192453456527152,False
397,8.933556,978,5548,868464,0.006388290130621419,False
398,9.033556,978,4945,868464,0.0056939608319976414,False
399,9.063011,978,4401,868464,0.005067567567567568,False
400,9.163011,978,4370,868464,0.005031872363160707,False
401,9.226133,62,19374,55056,0.3518962510897995,True
402,9.246489,976,7879,866688,0.009090930069413677,False
403,9.265322,976,6561,866688,0.0075701982720425345,False
404,9.282533,976,4373,866688,0.005045645030276178,False
405,9.301111,97,46247,86136,0.5369067521129377,True
406,9.320144,974,3821,864912,0.004417790480418817,False
407,9.339889,979,2112,869352,0.0024293956878226543,False
408,9.359956,986,2147,875568,0.002452122507903441,False
409,9.387633,207,32460,183816,0.17658963311137224,True
410,9.407133,1022,6179,907536,0.006808545335942596,False
411,9.426689,1035,2360,919080,0.0025677851764808286,False
412,9.446878,1047,2312,929736,0.002486727415094177,False
413,9.464211,195,39169,173160,0.2262012012012012,True
414,9.4818,1046,6139,928848,0.006609262225897025,False
415,9.499722,1047,4691,929736,0.005045518297667295,False
416,9.516044,1047,2504,929736,0.0026932376502577077,False
417,9.533044,200,47157,177600,0.26552364864864864,True
418,9.551,1086,11894,964368,0.01233346606274783,True
419,9.5669,1089,6764,967032,0.006994597903688813,False
420,9.584733,1102,3466,978576,0.003541881264204313,False
421,9.602067,153,43101,135864,0.3172363540010599,True
422,9.6193,1124,26970,998112,0.02702101567759931,True
423,9.635956,1135,12028,1007880,0.011933960392110171,True
424,9.652889,1146,4866,1017648,0.004781614074807792,False
425,9.6709,162,43861,143856,0.3048951729507285,True
426,9.688367,1150,5070,1021200,0.004964747356051704,False
427,9.704044,1175,4908,1043400,0.004703852788959172,False
428,9.7205,1175,4770,1043400,0.00457159286946521,False
429,9.736544,163,34021,144744,0.23504255789531864,True
430,9.754211,1171,13919,1039848,0.01338561020456836,True
431,9.770833,1174,7698,1042512,0.0073840876651779545,False
432,9.786744,1171,4893,1039848,0.004705495418561174,False
433,9.803278,145,38541,128760,0.2993243243243243,True
434,9.819122,1152,9145,1022976,0.008939603666166166,False
435,9.834633,1152,6847,1022976,0.0066932166541541546,False
436,9.852011,1153,5078,1023864,0.004959643077596243,False
437,9.867144,151,43210,134088,0.3222510590060259,True
438,9.884367,1161,13110,1030968,0.012716204576669693,True
439,9.9018,1160,8414,1030080,0.00816829760795278,False
440,9.917122,1162,5045,1031856,0.004889248112139678,False
441,9.931522,159,29319,141192,0.20765340812510624,True
442,9.946922,1157,18143,1027416,0.017658864568976928,True
443,9.962156,1158,10739,1028304,0.010443409730974499,True
444,9.978867,1160,5010,1030080,0.0048636999068033555,False
445,9.996544,127,43081,112776,0.3820050365325956,True
446,10.012256,1151,7350,1022088,0.007191161622091249,False
447,10.028867,1155,6200,1025640,0.006045006045006045,False
448,10.046011,1157,5197,1027416,0.005058321069557024,False
449,10.062256,150,29707,133200,0.22302552552552551,True
450,10.078856,1158,6850,1028304,0.006661454200314304,False
451,10.095933,1160,4877,1030080,0.004734583721652687,False
452,10.112689,1166,3592,1035408,0.003469163846522337,False
453,10.129111,163,25701,144744,0.17756176421820594,True
454,10.145044,1165,6295,1034520,0.006084947608552759,False
455,10.162956,1163,3968,1032744,0.003842191288450962,False
456,10.178211,1157,3600,1027416,0.0035039360882057513,False
457,10.194778,190,52732,168720,0.31254148885727834,True
458,10.211911,1136,5138,1008768,0.005093341581017637,False
459,10.229567,1121,4329,995448,0.004348795718108831,False
460,10.245278,1109,3502,984792,0.00355608087799251,False
461,10.263022,157,46830,139416,0.33590118781201583,True
462,10.278578,1076,12442,955488,0.013021618272547641,True
463,10.295644,1071,7235,951048,0.007607397313279666,False
464,10.311756,1077,3845,956376,0.004020385287794759,False
465,10.328856,191,29627,169608,0.1746792604122447,True
466,10.346844,1082,8578,960816,0.00892782801285574,False
467,10.363178,1082,6499,960816,0.006764042230770512,False
468,10.380444,1081,4361,959928,0.0045430490620129845,False
469,10.3967,220,48918,195360,0.2503992628992629,True
470,10.413167,1084,9930,962592,0.010315897077889697,True
471,10.429522,1113,6839,988344,0.006919655504561165,False
472,10.446489,1120,4617,994560,0.004642253861003861,False
473,10.462789,167,43001,148296,0.289967362572153,True
474,10.479622,1124,5793,998112,0.00580395787246321,False
475,10.496167,1136,4597,1008768,0.004557043839614262,False
476,10.513433,1137,3898,1009656,0.003860720879190536,False
477,10.529211,140,53662,124320,0.43164414414414415,True
478,10.545756,1152,6576,1022976,0.006428303303303303,False
479,10.562611,1156,4920,1026528,0.0047928551388759,False
480,10.579733,1163,3641,1032744,0.0035255590930569434,False
481,10.595311,121,57838,107448,0.5382882882882883,True
482,10.612067,1159,3920,1029192,0.0038088131271910393,False
483,10.628811,1158,3329,1028304,0.003237369493846178,False
484,10.645011,1157,3060,1027416,0.0029783456749748883,False
485,10.662633,124,55938,110112,0.5080100261551874,True
486,10.679856,1152,8825,1022976,0.008626790853353354,False
487,10.696256,1154,4633,1024752,0.004521093884178806,False
488,10.712122,1153,2933,1023864,0.002864638272270536,False
489,10.729478,106,56380,94128,0.5989716131225565,True
490,10.745778,1152,5113,1022976,0.0049981622247247245,False
491,10.762522,1153,3844,1023864,0.003754404881898377,False
492,10.779367,1154,3940,1024752,0.003844832700985214,False
493,10.797056,135,73482,119880,0.6129629629629629,True
494,10.812,1150,3682,1021200,0.0036055620838229534,False
495,10.829933,1148,3700,1019424,0.003629500580720093,False
496,10.845922,1151,3805,1022088,0.003722771424769687,False
497,10.8622,96,37142,85248,0.435693506006006,True
498,10.879033,1142,3758,1014096,0.003705763556901911,False
499,10.896156,1141,3334,1013208,0.0032905385666121864,False
500,10.912356,1140,3104,1012320,0.0030662241188556976,False
501,10.928778,90,54830,79920,0.686061061061061,True
502,10.946133,1124,4274,998112,0.0042820845756788815,False
503,10.962033,1122,3474,996336,0.003486775545599075,False
504,10.979133,1113,3361,988344,0.003400637834600099,False
505,10.997911,98,49509,87024,0.5689120242691671,True
506,11.012211,1104,3213,980352,0.003277394242068155,False
507,11.029211,1100,3195,976800,0.003270884520884521,False
508,11.046133,1096,3240,973248,0.0033290589859932924,False
509,11.063044,79,26492,70152,0.37763713080168776,True
510,11.078989,1086,10962,964368,0.011367030013438853,True
511,11.096044,1081,6653,959928,0.006930728137943679,False
512,11.113633,1077,4248,956376,0.004441767672965445,False
513,11.129956,62,43012,55056,0.7812409183376925,True
514,11.145822,1059,4106,940392,0.004366264281278446,False
515,11.163489,1060,3891,941280,0.0041337327893931665,False
516,11.179022,1057,3575,938616,0.003808799338600663,False
517,11.1958,108,56437,95904,0.5884738905572239,True
518,11.212833,1048,5687,930624,0.0061109535107626714,False
519,11.230378,1043,4794,926184,0.00517607732372833,False
520,11.246178,1037,4651,920856,0.005050735402712259,False
521,11.262933,40,6212,35520,0.17488738738738738,True
522,11.279222,1027,5668,911976,0.006215075835329,False
523,11.295678,1021,3358,906648,0.003703752724320795,False
524,11.312189,1015,3273,901320,0.0036313407003062174,False
525,11.3299,83,40403,73704,0.5481792032996853,True
526,11.345944,1036,5300,919968,0.005761069950259139,False
527,11.362544,1050,3140,932400,0.003367653367653368,False
528,11.379333,1104,3381,980352,0.003448761261261261,False
529,11.395889,388,58954,344544,0.17110731865886505,True
530,11.4127,1151,8710,1022088,0.008521771119512214,False
531,11.428989,1152,4493,1022976,0.0043920873998999,False
532,11.446289,1151,4432,1022088,0.004336221538654206,False
533,11.462522,368,58220,326784,0.17816049745397572,True
534,11.480989,1148,18372,1019424,0.01802194180242961,True
535,11.495756,1148,3535,1019424,0.0034676444737420345,False
536,11.512389,1151,3550,1022088,0.003473282144003256,False
537,11.529244,260,16687,230880,0.07227564102564103,True
538,11.546222,1160,14352,1030080,0.013932898415657036,True
539,11.563722,1160,6023,1030080,0.0058471186703945325,False
540,11.579144,1158,4575,1028304,0.004449073425757364,False
541,11.596111,103,17763,91464,0.19420755707163473,True
542,11.612667,1157,4710,1027416,0.004584316382069191,False
543,11.630033,1156,4481,1026528,0.004365199975061566,False
544,11.646644,1140,3439,1012320,0.003397147147147147,False
545,11.662478,100,43533,88800,0.4902364864864865,True
546,11.678767,1142,5520,1014096,0.005443271642921381,False
547,11.696333,1127,4787,1000776,0.004783288168381336,False
548,11.712822,1126,4604,999888,0.004604515705759045,False
549,11.731522,83,30889,73704,0.4190953001193965,True
550,11.746656,1122,8748,996336,0.008780170544876427,False
551,11.7623,1127,6386,1000776,0.006381048306514145,False
552,11.778244,1126,6336,999888,0.006336709711487687,False
553,11.795756,72,18960,63936,0.29654654654654655,True
554,11.879144,1117,8198,991896,0.008264979393000879,False
555,11.896322,1114,5249,989232,0.0053061364775906965,False
556,11.912789,1118,4255,992784,0.00428592725104353,False
557,11.928733,257,28081,228216,0.12304571108073054,True
558,11.946389,1127,8319,1000776,0.008312549461617785,False
559,11.963644,1115,5435,990120,0.005489233628247082,False
560,11.995678,1110,4952,985680,0.0050239428617807,False
561,12.0125,204,8621,181152,0.04758986928104575,True
562,12.028856,1134,8564,1006992,0.00850453628231406,False
563,12.045611,1145,4954,1016760,0.004872339588496794,False
564,12.062189,1156,4952,1026528,0.004824028180429565,False
565,12.078689,235,30826,208680,0.14771899559133603,True
566,12.095556,1174,17170,1042512,0.016469834399987723,True
567,12.112311,1187,11988,1054056,0.011373209772535805,True
568,12.129289,1186,7172,1053168,0.006809929659845343,False
569,12.146033,201,30761,178488,0.17234211823764062,True
570,12.162989,1187,18185,1054056,0.017252404046843813,True
571,12.179522,1193,10987,1059384,0.010371121330886628,True
572,12.197178,1188,7779,1054944,0.007373851123851124,False
573,12.216111,202,22757,179376,0.12686758540718937,True
574,12.234833,1191,10224,1057608,0.009667097828306897,False
575,12.252467,1191,9167,1057608,0.00866767271049387,False
576,12.272544,1191,9003,1057608,0.00851260580479724,False
577,12.2924,157,10905,139416,0.07821914270958857,True
578,12.313178,1188,19343,1054944,0.01833557041890375,True
579,12.333711,1189,13210,1055832,0.012511460156540056,True
580,12.352567,1195,8502,1061160,0.008011986882279769,False
581,12.373044,200,20870,177600,0.11751126126126125,True
582,12.393522,1187,12177,1054056,0.011552517133814522,True
583,12.413456,1182,9564,1049616,0.009111903781954544,False
584,12.432622,1182,9748,1049616,0.009287205987713602,False
585,12.451856,168,2314,149184,0.015511046761046761,True
586,12.472,1199,9026,1064712,0.008477409853556642,False
587,12.495378,1202,7912,1067376,0.007412570640524052,False
588,12.511867,1209,7793,1073592,0.0072588096781645165,False
589,12.528511,154,24426,136752,0.17861530361530362,True
590,12.545022,1187,16977,1054056,0.016106354880575605,True
591,12.561867,1198,11315,1063824,0.010636157860698763,True
592,12.579411,1190,8145,1056720,0.007707812854871678,False
593,12.599222,125,24436,111000,0.22014414414414415,True
594,12.6175,1160,12358,1030080,0.01199712643678161,True
595,12.638344,1151,10368,1022088,0.010143940639162186,True
596,12.657511,1130,10005,1003440,0.00997070078928486,False
597,12.677433,122,15137,108336,0.1397227145177965,True
598,12.6983,1104,12964,980352,0.01322382164773469,True
599,12.715367,1097,10876,974136,0.011164765494756378,True
600,12.735178,1093,21,970584,2.1636458049998763e-05,False
601,12.753456,138,9202,122544,0.07509139574356966,True
602,12.772211,1082,6340,960816,0.006598557892458078,False
603,12.791067,1084,1981,962592,0.002057985106878096,False
604,12.810567,1085,1202,963480,0.0012475609249802799,False
605,12.828822,128,9372,113664,0.0824535472972973,True
606,12.8453,1056,5075,937728,0.0054120171307671305,False
607,12.861467,1056,4156,937728,0.004431988806988807,False
608,12.878156,1041,683,924408,0.0007388512431740098,False
609,12.894656,165,24912,146520,0.17002457002457003,True
610,12.911133,1016,10762,902208,0.011928513158828119,True
611,12.9281,997,5019,885336,0.005669034129415273,False
612,12.944689,991,1306,880008,0.001484077417478023,False
613,12.961244,156,16386,138528,0.11828655578655578,True
614,12.978111,1000,9997,888000,0.011257882882882883,True
615,12.994856,1000,4635,888000,0.005219594594594594,False
616,13.011556,1001,1833,888888,0.002062127062127062,False
617,13.027767,143,17589,126984,0.13851351351351351,True
618,13.044822,997,9827,885336,0.011099740663431737,True
619,13.061489,997,5359,885336,0.006053069117261695,False
620,13.077989,1002,2755,889776,0.0030962849076621533,False
621,13.094889,147,20125,130536,0.15417202917202918,True
622,13.111944,1002,5629,889776,0.006326311341281401,False
623,13.128022,1005,4500,892440,0.005042355788624445,False
624,13.144733,1004,2189,891552,0.002455269014033954,False
625,13.161656,140,9854,124320,0.07926319176319176,True
626,13.178333,1008,9729,895104,0.010869128056628057,True
627,13.194722,1007,6399,894216,0.007155989156982206,False
628,13.211256,1012,2291,898656,0.0025493626037104296,False
629,13.227922,160,17164,142080,0.12080518018018017,True
630,13.244489,1016,11495,902208,0.012740964389586436,True
631,13.261456,1011,4391,897768,0.004891018615054223,False
632,13.278011,1012,2846,898656,0.003166951536516754,False
633,13.295244,138,16815,122544,0.13721602036819427,True
634,13.311267,1022,10831,907536,0.011934512790677174,True
635,13.328444,1035,7985,919080,0.008688035861948905,False
636,13.344933,1038,4962,921744,0.005383273446857262,False
637,13.362011,140,20678,124320,0.16632882882882882,True
638,13.378689,1050,5297,932400,0.005681038181038181,False
639,13.395156,1070,4958,950160,0.005218068535825546,False
640,13.411611,1076,5071,955488,0.005307235674336046,False
641,13.428533,122,22231,108336,0.2052041795894255,True
642,13.444622,1079,9783,958152,0.01021027978859304,True
643,13.461811,1080,7511,959040,0.00783179012345679,False
644,13.477967,1079,5220,958152,0.005447987375698219,False
645,13.495144,85,10796,75480,0.14303126656067833,True
646,13.5119,1080,11131,959040,0.011606398064731398,True
647,13.528544,1077,6073,956376,0.006350012965611851,False
648,13.545089,1063,4733,943944,0.005014068631189986,False
649,13.561767,93,5380,82584,0.06514579095224257,True
650,13.578511,1043,9205,926184,0.009938629905072858,False
651,13.595233,1041,5632,924408,0.006092547879291395,False
652,13.611844,1030,3991,914640,0.004363465407154728,False
653,13.628433,102,11912,90576,0.13151386680798446,True
654,13.645056,1007,6333,894216,0.007082181486352291,False
655,13.661789,995,4446,883560,0.0050319163384490015,False
656,13.678378,983,3217,872904,0.0036853995399264983,False
657,13.695078,106,11420,94128,0.12132415434302227,True
658,13.7117,965,7120,856920,0.008308826961676702,False
659,13.728467,953,5382,846264,0.006359717534953632,False
660,13.745211,943,2634,837384,0.003145510303516666,False
661,13.762256,98,15887,87024,0.18255883434454864,True
662,13.779011,917,10500,814296,0.012894573963276253,True
663,13.795433,918,8642,815184,0.010601287562071876,True
664,13.812478,929,2775,824952,0.003363832077502691,False
665,13.828533,113,4159,100344,0.04144742087219963,True
666,13.845267,952,7612,845376,0.009004277386630328,False
667,13.861933,963,4061,855144,0.004748907786290964,False
668,13.879467,976,3238,866688,0.003736061881553685,False
669,13.895278,128,22034,113664,0.19385205518018017,True
670,13.9119,984,10853,873792,0.012420576063868746,True
671,13.928267,990,4066,879120,0.004625079625079625,False
672,13.9453,991,3887,880008,0.0044170052999518185,False
673,13.962533,31,7403,27528,0.2689261842487649,True
674,13.979233,931,3752,826728,0.004538372959425591,False
675,13.995611,1030,3703,914640,0.0040485874223738305,False
676,14.012367,1030,3770,914640,0.00412184028688883,False
677,14.028989,0,0,0,0,False
678,14.045444,1009,691,895992,0.0007712122429664551,False
679,14.062367,1010,693,896880,0.0007726786192132727,False
680,14.078644,1010,704,896880,0.000784943359200785,False
681,14.094811,0,0,0,0,False
682,14.111622,936,670,831168,0.0008060945560945561,False
683,14.1285,937,671,832056,0.0008064361052621458,False
684,14.145044,936,12,831168,1.4437514437514437e-05,False
685,14.162078,0,0,0,0,False
686,14.179956,942,670,836496,0.0008009601958646544,False
687,14.199511,943,667,837384,0.0007965282355526258,False
688,14.213333,943,666,837384,0.0007953340402969247,False
689,14.229656,0,0,0,0,False
690,14.245678,942,672,836496,0.0008033511218224595,False
691,14.262644,943,670,837384,0.0008001108213197291,False
692,14.2795,943,669,837384,0.000798916626064028,False
693,14.295433,0,0,0,0,False
694,14.312233,932,16,827616,1.9332637358388432e-05,False
695,14.329133,937,46,832056,5.528474045016201e-05,False
696,14.345767,947,18,840936,2.1404720454350865e-05,False
697,14.362556,71,11736,63048,0.18614389036924248,True
698,14.379256,960,5503,852480,0.006455283408408409,False
699,14.395922,969,2887,860472,0.0033551353210795934,False
700,14.412211,982,1416,872016,0.0016238234160841085,False
701,14.429044,87,22997,77256,0.29767267267267267,True
702,14.4452,1018,13317,903984,0.014731455423989804,True
703,14.462078,1017,5724,903096,0.006338196603683329,False
704,14.478489,1019,3332,904872,0.0036822887657038785,False
705,14.495033,90,16337,79920,0.2044169169169169,True
706,14.512,1019,13844,904872,0.01529940146230627,True
707,14.528767,1021,8555,906648,0.009435856032330077,False
708,14.545656,1021,4367,906648,0.004816643283832314,False
709,14.562167,93,7731,82584,0.09361377506538797,True
710,14.579067,1022,9992,907536,0.011010031557976764,True
711,14.595144,1021,6780,906648,0.007478095137252826,False
712,14.611856,1023,4379,908424,0.004820436272049175,False
713,14.628478,102,20098,90576,0.22189100865571454,True
714,14.645267,1023,9727,908424,0.010707555062393771,True
715,14.662067,1024,6398,909312,0.007036088823198198,False
716,14.678467,1024,3597,909312,0.003955737964527027,False
717,14.695744,101,20919,89688,0.23324190527160824,True
718,14.712344,1024,11773,909312,0.012947151252815316,True
719,14.728767,1025,5933,910200,0.006518347615908591,False
720,14.745767,1026,4142,911088,0.004546212879546213,False
721,14.762222,90,13980,79920,0.17492492492492492,True
722,14.779,1027,10527,911976,0.011543066922813759,True
723,14.795422,1028,5056,912864,0.005538612542503593,False
724,14.811889,1030,4314,914640,0.004716609813697192,False
725,14.828833,95,10359,84360,0.12279516358463727,True
726,14.845256,1026,12451,911088,0.013666078359060816,True
727,14.862044,1027,11150,911976,0.012226198935059695,True
728,14.880033,1028,4950,912864,0.0054224944789147125,False
729,14.896667,106,19825,94128,0.21061745707972124,True
730,14.913622,1029,8304,913752,0.009087805006172353,False
731,14.930978,1028,5503,912864,0.006028280225751043,False
732,14.947856,1031,3506,915528,0.0038294841883590672,False
733,14.963711,107,24327,95016,0.25603056327355395,True
734,14.980656,1031,9443,915528,0.010314266740066934,True
735,14.997444,1031,5908,915528,0.006453106841079683,False
736,15.014022,1033,3934,917304,0.004288654579070843,False
737,15.029544,94,14205,83472,0.17017682576193213,True
738,15.045411,1036,9086,919968,0.009876430484538592,False
739,15.062444,1047,7088,929736,0.007623669514786993,False
740,15.078578,1057,4953,938616,0.005276918356388555,False
741,15.095289,93,16376,82584,0.1982950692628112,True
742,15.112133,1082,8979,960816,0.009345181595643702,False
743,15.128789,1092,6257,969696,0.006452537702537703,False
744,15.145489,1097,4677,974136,0.004801177658971642,False
745,15.163133,91,5230,80808,0.06472131472131472,True
746,15.179656,1094,8432,971472,0.008679611970288386,False
747,15.196878,1094,5592,971472,0.005756213251642868,False
748,15.212833,1096,3155,973248,0.0032417225619780364,False
749,15.229844,88,13407,78144,0.17156787469287468,True
750,15.246122,1098,10882,975024,0.011160750914849275,True
751,15.262711,1094,7937,971472,0.008170075926017425,False
752,15.279389,1095,4906,972360,0.005045456415319429,False
753,15.2965,103,17119,91464,0.18716653546750633,True
754,15.313022,1090,11323,967920,0.011698280849656996,True
755,15.329956,1083,7237,961704,0.007525184464242636,False
756,15.346367,1071,4299,951048,0.004520276579100108,False
757,15.362822,64,19326,56832,0.34005489864864863,True
758,15.379933,1056,11235,937728,0.0119810861998362,True
759,15.396533,1046,7081,928848,0.00762342170085956,False
760,15.413589,1039,3735,922632,0.004048201232994303,False
761,15.4298,58,0,51504,0.0,False
762,15.446389,1061,9566,942168,0.010153178626317174,True
763,15.463356,1070,5891,950160,0.006200008419634588,False
764,15.479589,1081,3649,959928,0.0038013267661741296,False
765,15.495944,105,27321,93240,0.293018018018018,True
766,15.513111,1091,7565,968808,0.007808564751736154,False
767,15.5297,1091,6331,968808,0.006534834559582497,False
768,15.545944,1093,3304,970584,0.0034041360665331387,False
769,15.563244,107,33039,95016,0.3477203839353372,True
770,15.579278,1091,6821,968808,0.0070406107298866235,False
771,15.596389,1092,5839,969696,0.006021474771474772,False
772,15.612567,1092,3357,969696,0.0034619097119097117,False
773,15.629233,88,17628,78144,0.2255835380835381,True
774,15.6463,1093,10350,970584,0.010663682896070819,True
775,15.663022,1091,9058,968808,0.00934963377676485,False
776,15.679833,1091,4870,968808,0.005026795815063459,False
777,15.696222,105,20623,93240,0.22118189618189618,True
778,15.713111,1092,10056,969696,0.01037026037026037,True
779,15.729733,1089,5434,967032,0.005619255619255619,False
780,15.746011,1089,4418,967032,0.004568618204981841,False
781,15.763256,94,15315,83472,0.18347469810235767,True
782,15.779356,1091,9784,968808,0.010099008265827698,True
783,15.796644,1089,6826,967032,0.00705871160416615,False
784,15.813244,1091,4012,968808,0.004141171418898275,False
785,15.8308,108,30026,95904,0.31308391725058393,True
786,15.846856,1092,14025,969696,0.014463295713295713,True
787,15.862744,1092,7313,969696,0.0075415387915387915,False
788,15.880222,1090,5056,967920,0.00522357219604926,False
789,15.896056,91,14091,80808,0.17437629937629937,True
790,15.912789,1092,16608,969696,0.017127017127017127,True
791,15.929589,1092,13447,969696,0.013867232617232618,True
792,15.947178,1090,6376,967920,0.006587321266220349,False
793,15.9642,105,30501,93240,0.3271235521235521,True
794,15.980611,1094,15344,971472,0.01579458800665382,True
795,15.997811,1091,8435,968808,0.00870657550309246,False
796,16.013589,1092,5860,969696,0.006043131043131043,False
797,16.030411,94,16945,83472,0.20300220433199156,True
798,16.047456,1092,9150,969696,0.009435946935946935,False
799,16.063556,1092,6594,969696,0.0068000693000693,False
800,16.081011,1094,6496,971472,0.006686759886028624,False
801,16.096767,103,25805,91464,0.28213286101635615,True
802,16.115233,1114,15479,989232,0.015647492195966162,True
803,16.130356,1125,10743,999000,0.010753753753753753,True
804,16.147533,1136,6301,1008768,0.006246233028803451,False
805,16.163833,91,27987,80808,0.34633947133947135,True
806,16.180311,1169,14085,1038072,0.013568422999560724,True
807,16.197922,1170,13299,1038960,0.0128003003003003,True
808,16.213578,1183,8558,1050504,0.008146565838873531,False
809,16.231578,93,16737,82584,0.20266637605347282,True
810,16.248989,1203,18752,1068264,0.017553713314311818,True
811,16.264389,1223,6840,1086024,0.006298203354621997,False
812,16.282711,1223,6937,1086024,0.006387519981142222,False
813,16.297256,101,32003,89688,0.3568258852912318,True
814,16.314867,1248,17661,1108224,0.015936308905058906,True
815,16.330533,1260,11317,1118880,0.010114578864578864,True
816,16.347322,1270,7611,1127760,0.0067487763353905085,False
817,16.364144,89,16536,79032,0.2092317036137261,True
818,16.381078,1271,8070,1128648,0.007150147787441257,False
819,16.3979,1271,7515,1128648,0.006658408999085631,False
820,16.4979,1271,7614,1128648,0.006746124566738257,False
821,16.5153,1271,7637,1128648,0.006766502930940382,False
822,16.614644,1271,7453,1128648,0.006603476017323382,False
823,16.714644,1271,7450,1128648,0.006600817969818757,False
824,16.726833,1271,7207,1128648,0.006385516121944132,False
825,16.741744,7,6216,6216,1.0,True
826,16.755622,1268,7482,1125984,0.006644854633813624,False
827,16.769167,1268,7417,1125984,0.006587127348168358,False
828,16.7829,1269,7750,1126872,0.006877444820707232,False
829,16.797989,41,13132,36408,0.36068995825093386,True
830,16.814333,1269,10018,1126872,0.008890095769528393,False
831,16.829978,1269,9790,1126872,0.008687765779964362,False
832,16.847056,1269,7575,1126872,0.006722147679594488,False
833,16.865578,27,1776,23976,0.07407407407407407,True
834,16.880411,1270,15606,1127760,0.013838050649074271,True
835,16.897289,1268,12307,1125984,0.010929995452866116,True
836,16.914956,1268,8362,1125984,0.0074263932702418505,False
837,16.930611,42,2661,37296,0.07134813384813385,True
838,16.947689,1270,21995,1127760,0.01950326310562531,True
839,16.964011,1270,18451,1127760,0.016360750514293823,True
840,16.982044,1271,8404,1128648,0.007446077076289507,False
841,16.997778,57,12172,50616,0.24047731942468784,True
842,17.014278,1271,20760,1128648,0.018393688732005017,True
843,17.030856,1271,19428,1128648,0.017213515639951518,True
844,17.0466,1270,15542,1127760,0.013781300986025395,True
845,17.064967,49,12672,43512,0.2912300055157198,True
846,17.080267,1269,25922,1126872,0.023003499953854565,True
847,17.097433,1263,17082,1121544,0.015230788983758105,True
848,17.113822,1251,10219,1110888,0.009198947148587436,False
849,17.130278,46,12527,40848,0.30667352134743436,True
850,17.1466,1229,19458,1091352,0.01782926131990412,True
851,17.164178,1210,8835,1074480,0.00822258208621845,False
852,17.181611,1210,8756,1074480,0.008149058149058148,False
853,17.196922,44,15575,39072,0.3986230548730549,True
854,17.213478,1184,19127,1051392,0.01819207298514731,True
855,17.2305,1174,13820,1042512,0.013256442132080973,True
856,17.246833,1164,7968,1033632,0.007708739667502554,False
857,17.264144,47,9,41736,0.0002156411730879816,False
858,17.2805,1143,12432,1014984,0.012248468941382326,True
859,17.296711,1133,10201,1006104,0.010139110867266207,True
860,17.314433,1133,10132,1006104,0.010070529488005216,True
861,17.330011,43,22123,38184,0.5793787974020532,True
862,17.348156,1097,13706,974136,0.014069903996977835,True
863,17.364178,1092,10391,969696,0.010715729465729466,True
864,17.380344,1091,8325,968808,0.008593033913840514,False
865,17.398178,76,12535,67488,0.18573672356567095,True
866,17.413656,1091,18292,968808,0.018880934096332812,True
867,17.430822,1091,13105,968808,0.013526932064970562,True
868,17.446789,1084,8882,962592,0.009227169974402446,False
869,17.464178,120,29249,106560,0.27448385885885884,True
870,17.481733,1091,16327,968808,0.016852668433786674,True
871,17.497756,1092,12540,969696,0.012931887931887933,True
872,17.513589,1090,10503,967920,0.010851103396974957,True
873,17.530567,81,29392,71928,0.4086308530752975,True
874,17.5467,1087,10964,965256,0.011358644753308967,True
875,17.564989,1087,10393,965256,0.010767091838848969,True
876,17.580544,1089,8857,967032,0.009158952340770523,False
877,17.597722,119,33275,105672,0.314889469301234,True
878,17.614978,1089,17745,967032,0.018349961531779712,True
879,17.631822,1078,12640,957264,0.013204298918584633,True
880,17.648589,1066,7862,946608,0.008305444281054036,False
881,17.664756,93,23123,82584,0.27999370338080015,True
882,17.680989,1039,16412,922632,0.017788240598635208,True
883,17.697956,1030,11851,914640,0.012957010408466718,True
884,17.714244,1030,8004,914640,0.00875098399370244,False
885,17.731278,93,22598,82584,0.273636539765572,True
886,17.747856,1050,14143,932400,0.015168382668382668,True
887,17.764367,1061,11211,942168,0.011899151743638077,True
888,17.781644,1084,10862,962592,0.011284116219540574,True
889,17.798133,140,28444,124320,0.2287966537966538,True
890,17.814567,1070,22015,950160,0.023169781931464174,True
891,17.830711,1090,14392,967920,0.014868997437804777,True
892,17.848633,1105,9688,981240,0.00987322163792752,False
893,17.864544,129,25360,114552,0.22138417487254697,True
894,17.882756,1144,14912,1015872,0.014679014679014678,True
895,17.897244,1143,14250,1014984,0.014039630181362464,True
896,17.914011,1150,8127,1021200,0.00795828437132785,False
897,17.930267,131,41384,116328,0.35575269926414965,True
898,17.947044,1150,15171,1021200,0.014856051703877791,True
899,17.964378,1185,10471,1052280,0.009950773558368495,False
900,17.981844,1194,9871,1060272,0.009309875201835,False
901,17.997278,110,23122,97680,0.2367117117117117,True
902,18.013978,1194,20977,1060272,0.01978454585238505,True
903,18.030278,1194,11898,1060272,0.011221648784462855,True
904,18.047789,1195,8103,1061160,0.007635983263598326,False
905,18.063889,95,8932,84360,0.10587956377430062,True
906,18.081522,1196,12520,1062048,0.01178854439724005,True
907,18.097167,1196,11516,1062048,0.010843201060592365,True
908,18.114089,1195,8045,1061160,0.007581326095970447,False
909,18.131844,96,18763,85248,0.22009900525525525,True
910,18.147567,1197,17169,1062936,0.016152430626114836,True
911,18.163467,1199,12008,1064712,0.011278167241469994,True
912,18.180511,1199,7303,1064712,0.0068591318591318595,False
913,18.196956,112,32364,99456,0.32541023166023164,True
914,18.2143,1197,21259,1062936,0.020000263421316052,True
915,18.231311,1196,13531,1062048,0.012740478773087469,True
916,18.2472,1197,7552,1062936,0.007104849210112368,False
917,18.265,92,23528,81696,0.2879945162553858,True
918,18.280422,1200,20198,1065600,0.018954579579579578,True
919,18.299144,1200,16628,1065600,0.015604354354354354,True
920,18.314022,1198,9328,1063824,0.008768367699920288,False
921,18.331556,85,11931,75480,0.15806836248012718,True
922,18.347467,1198,15285,1063824,0.014367978161801201,True
923,18.365,1198,11789,1063824,0.011081720284558347,True
924,18.380967,1198,9508,1063824,0.008937568620373294,False
925,18.3978,96,17643,85248,0.20696086711711711,True
926,18.414444,1198,18283,1063824,0.0171861134924574,True
927,18.431911,1198,9373,1063824,0.00881066793003354,False
928,18.447656,1200,7105,1065600,0.006667605105105105,False
929,18.464044,110,32618,97680,0.3339271089271089,True
930,18.480556,1200,18392,1065600,0.017259759759759758,True
931,18.497022,1197,9605,1062936,0.009036291931028773,False
932,18.515022,1198,6285,1063824,0.005907932139150837,False
933,18.530933,98,28530,87024,0.32784059569773855,True
934,18.548178,1199,19147,1064712,0.017983266836477847,True
935,18.564022,1199,12483,1064712,0.01172429727475599,True
936,18.581533,1200,8130,1065600,0.007629504504504505,False
937,18.597533,115,15021,102120,0.14709165687426556,True
938,18.614778,1199,10121,1064712,0.009505856982921203,False
939,18.6313,1198,8758,1063824,0.00823256478515243,False
940,18.647189,1198,8309,1063824,0.0078105024891335405,False
941,18.6641,85,27419,75480,0.3632617912029677,True
942,18.6813,1197,11975,1062936,0.011265965213333635,True
943,18.698022,1197,8541,1062936,0.008035290930027772,False
944,18.714544,1196,8251,1062048,0.007768952062430323,False
945,18.730567,99,19659,87912,0.2236213486213486,True
946,18.747567,1199,13211,1064712,0.012408050252086949,True
947,18.764322,1198,9315,1063824,0.008756147633443127,False
948,18.780344,1199,6855,1064712,0.006438360796158961,False
949,18.796867,120,20177,106560,0.18934872372372372,True
950,18.815144,1199,11191,1064712,0.01051082358421808,True
951,18.830589,1199,9097,1064712,0.008544094553268865,False
952,18.847856,1199,8992,1064712,0.008445476335384592,False
953,18.864456,22,17014,19536,0.8709049959049959,True
954,18.964456,21,16114,18648,0.8641141141141141,True
955,18.982,22,17016,19536,0.871007371007371,True
956,19.082,22,17201,19536,0.8804770679770679,True
957,19.178667,1199,8037,1064712,0.007548520163199062,False
958,19.198833,1199,6784,1064712,0.006371676096446738,False
959,19.214667,1200,6694,1065600,0.006281906906906907,False
960,19.231056,55,44588,48840,0.912940212940213,True
961,19.2472,1199,7210,1064712,0.006771784294720074,False
962,19.264678,1200,6111,1065600,0.005734797297297298,False
963,19.2806,1201,5609,1066488,0.005259318435838003,False
964,19.297478,90,25811,79920,0.32296046046046045,True
965,19.313744,1200,9957,1065600,0.009344031531531532,False
966,19.3312,1200,7268,1065600,0.006820570570570571,False
967,19.347189,1201,6742,1066488,0.006321683882050243,False
968,19.364067,84,19315,74592,0.2589419776919777,True
969,19.3806,1202,6870,1067376,0.006436344830687593,False
970,19.398589,1201,5796,1066488,0.0054346603056011885,False
971,19.414356,1201,5559,1066488,0.005212435582960146,False
972,19.431022,89,26604,79032,0.3366231399939265,True
973,19.447,1199,9352,1064712,0.008783595939559243,False
974,19.463778,1200,7370,1065600,0.006916291291291291,False
975,19.481244,1199,4849,1064712,0.0045542832240079946,False
976,19.500189,109,22936,96792,0.2369617323745764,True
977,19.513444,1183,9861,1050504,0.00938692284846131,False
978,19.531133,1172,6438,1040736,0.006186006825938567,False
979,19.548144,1161,4782,1030968,0.00463835928952208,False
980,19.563389,129,46576,114552,0.4065926391507787,True
981,19.580956,1137,7189,1009656,0.00712024689597249,False
982,19.597033,1126,5565,999888,0.005565623349815179,False
983,19.613967,1115,4582,990120,0.0046277218922958835,False
984,19.631289,106,29117,94128,0.3093340982491926,True
985,19.647922,1094,14864,971472,0.015300492448572888,True
986,19.664411,1083,7830,961704,0.008141798308003293,False
987,19.681422,1081,4690,959928,0.004885783100399196,False
988,19.698267,120,33169,106560,0.31127064564564566,True
989,19.714667,1080,5245,959040,0.005469010677344011,False
990,19.731478,1080,4758,959040,0.004961211211211211,False
991,19.747733,1081,4729,959928,0.004926411147502729,False
992,19.765744,91,33421,80808,0.4135852885852886,True
993,19.780478,1097,6959,974136,0.007143766373483785,False
994,19.798489,1107,4932,983016,0.005017212334285505,False
995,19.814344,1120,4564,994560,0.004588963963963964,False
996,19.831444,169,46008,150072,0.3065728450343835,True
997,19.847289,1140,9414,1012320,0.009299431009957325,False
998,19.8634,1147,4525,1018536,0.0044426510206806635,False
999,19.880422,1147,4509,1018536,0.0044269421993920685,False
1000,19.896856,156,40132,138528,0.2897031647031647,True
1001,19.9135,1168,8871,1037184,0.00855296649389115,False
1002,19.930611,1173,6441,1041624,0.0061836132807999815,False
1003,19.946978,1174,4497,1042512,0.004313619411575119,False
1004,19.964689,132,45441,117216,0.3876689189189189,True
1005,19.980256,1164,8277,1033632,0.008007685520572119,False
1006,19.997656,1169,5823,1038072,0.00560943749566504,False
1007,20.014,1174,5101,1042512,0.004892989241370843,False
1008,20.030789,88,5328,78144,0.06818181818181818,True
1009,20.0477,1170,11035,1038960,0.010621198121198121,True
1010,20.064411,1172,8564,1040736,0.008228791931863605,False
1011,20.081033,1172,5355,1040736,0.0051453971035882295,False
1012,20.097144,118,36417,104784,0.34754351809436557,True
1013,20.114567,1152,10993,1022976,0.01074609766016016,True
1014,20.130289,1172,6499,1040736,0.006244619192571411,False
1015,20.147967,1170,5148,1038960,0.004954954954954955,False
1016,20.163989,102,27916,90576,0.308205264087617,True
1017,20.181444,1165,5743,1034520,0.005551366817461238,False
1018,20.197978,1179,5768,1046952,0.005509326120013143,False
1019,20.213544,1189,4930,1055832,0.004669303449791254,False
1020,20.230456,93,25176,82584,0.3048532403371113,True
1021,20.248422,1192,14006,1058496,0.013231981981981982,True
1022,20.264122,1209,8649,1073592,0.008056133056133057,False
1023,20.280289,1213,5010,1077144,0.004651188699004033,False
1024,20.298367,101,36755,89688,0.4098095620372848,True
1025,20.314089,1204,7962,1069152,0.007447023435395528,False
1026,20.331122,1196,6023,1062048,0.005671118442857574,False
1027,20.3483,1183,4789,1050504,0.00455876417414879,False
1028,20.364356,47,6216,41736,0.14893617021276595,True
1029,20.381022,1156,9814,1026528,0.009560382181489448,False
1030,20.397811,1153,5810,1023864,0.0056745817803927085,False
1031,20.414233,1151,5739,1022088,0.005614976401249207,False
1032,20.431111,56,20940,49728,0.42109073359073357,True
1033,20.448311,1138,5736,1010544,0.005676150667363321,False
1034,20.4647,1131,4815,1004328,0.004794250483905656,False
1035,20.480978,1124,4356,998112,0.004364239684524382,False
1036,20.497567,23,20294,20424,0.9936349392871132,True
1037,20.514333,1107,4007,983016,0.004076230702246962,False
1038,20.530689,1097,3384,974136,0.003473847594175762,False
1039,20.547322,1097,3345,974136,0.0034338121165833108,False
1040,20.564478,33,23087,29304,0.7878446628446628,True
1041,20.580144,1083,3696,961704,0.0038431783584138156,False
1042,20.597211,1076,3036,955488,0.003177433939515724,False
1043,20.614311,1090,3199,967920,0.0033050252086949334,False
1044,20.630633,39,22200,34632,0.6410256410256411,True
1045,20.647344,1074,3229,953712,0.003385718120354992,False
1046,20.664044,1073,3166,952824,0.003322754254720704,False
1047,20.680933,1066,2922,946608,0.003086811013640282,False
1048,20.698589,33,24734,29304,0.844048594048594,True
1049,20.713967,1042,3337,925296,0.00360641351524269,False
1050,20.730222,1041,2829,924408,0.0030603369940545733,False
1051,20.746989,1033,2789,917304,0.0030404315254266854,False
1052,20.764311,45,30192,39960,0.7555555555555555,True
1053,20.780756,1033,3361,917304,0.003663997976679487,False
1054,20.797256,1026,3019,911088,0.0033136206381820417,False
1055,20.814011,1019,2722,904872,0.00300816027018186,False
1056,20.829911,23,6216,20424,0.30434782608695654,True
1057,20.846878,1013,3024,899544,0.0033617032629865797,False
1058,20.864,1006,2870,893328,0.003212705747497,False
1059,20.880878,998,2864,886224,0.0032316886024300853,False
1060,20.897156,33,24863,29304,0.8484507234507235,True
1061,20.913822,992,3389,880896,0.003847219195001453,False
1062,20.929967,984,3155,873792,0.003610699113747894,False
1063,20.947333,973,3156,864024,0.003652676314546818,False
1064,20.965156,45,30192,39960,0.7555555555555555,True
1065,20.980589,970,3185,861360,0.0036976409399089812,False
1066,20.997722,964,2967,856032,0.003465991925535494,False
1067,21.014044,962,2957,854256,0.003461491637167313,False
1068,21.031144,25,8880,22200,0.4,True
1069,21.047989,952,3068,845376,0.003629154364448482,False
1070,21.063644,947,2947,840936,0.003504428398831778,False
1071,21.080178,940,2834,834720,0.0033951504696185545,False
1072,21.096933,35,29174,31080,0.9386743886743887,True
1073,21.113833,931,3905,826728,0.004723439873815813,False
1074,21.130578,927,3430,823176,0.0041667881473706715,False
1075,21.147444,921,2858,817848,0.003494536882159032,False
1076,21.164567,33,24864,29304,0.8484848484848485,True
1077,21.181233,910,2979,808080,0.0036865161865161865,False
1078,21.197622,904,2840,802752,0.0035378298652634934,False
1079,21.213867,901,2653,800088,0.0033158852526222115,False
1080,21.230467,32,20424,28416,0.71875,True
1081,21.246911,894,3075,793872,0.003873420400266038,False
1082,21.263989,887,2566,787656,0.003257767350213799,False
1083,21.292733,885,2474,785880,0.003148063317554843,False
1084,21.2979,31,19536,27528,0.7096774193548387,True
1085,21.314889,885,3734,785880,0.004751361531022548,False
1086,21.330978,926,2797,822288,0.003401484637985718,False
1087,21.348533,971,2786,862248,0.0032310889674432414,False
1088,21.3671,240,12033,213120,0.05646114864864865,True
1089,21.381267,1017,4661,903096,0.005161134585913347,False
1090,21.397733,1038,2810,921744,0.003048568800013887,False
1091,21.414378,1047,2630,929736,0.002828759992083774,False
1092,21.430711,154,18872,136752,0.138001638001638,True
1093,21.447978,1071,2487,951048,0.0026150099679511443,False
1094,21.464222,1092,2287,969696,0.0023584711084711084,False
1095,21.481211,1097,2194,974136,0.0022522522522522522,False
1096,21.497911,100,28334,88800,0.31907657657657656,True
1097,21.513833,1115,4617,990120,0.004663071142891771,False
1098,21.530867,1126,2421,999888,0.0024212711823724258,False
1099,21.5481,1129,2366,1002552,0.0023599773378338482,False
1100,21.564889,77,36408,68376,0.5324675324675324,True
1101,21.580867,1136,2327,1008768,0.002306774203781246,False
1102,21.598178,1142,2258,1014096,0.0022266136539341444,False
1103,21.614211,1143,2298,1014984,0.002264075098720768,False
1104,21.631644,30,14208,26640,0.5333333333333333,True
1105,21.6481,1146,2273,1017648,0.0022335817492885554,False
1106,21.664933,1152,2260,1022976,0.0022092404904904906,False
1107,21.681933,1152,2237,1022976,0.0021867570695695694,False
1108,21.697933,34,28416,30192,0.9411764705882353,True
1109,21.714478,1157,3187,1027416,0.003101956753642147,False
1110,21.731822,1158,2910,1028304,0.002829902441301405,False
1111,21.747656,1158,2908,1028304,0.002827957491169926,False
1112,21.764367,22,19536,19536,1.0,True
1113,21.781478,1144,4507,1015872,0.004436582561582561,False
1114,21.797667,1143,3797,1014984,0.003740945670079528,False
1115,21.814533,1145,3560,1016760,0.0035013179117982613,False
1116,21.831067,12,10656,10656,1.0,True
1117,21.847733,1148,4287,1019424,0.004205315943120821,False
1118,21.865211,1148,4112,1019424,0.00403365037511379,False
1119,21.880822,1148,4060,1019424,0.003982641177763129,False
1120,21.897867,15,13320,13320,1.0,True
1121,21.913544,1147,5135,1018536,0.005041549832308333,False
1122,21.930567,1148,4933,1019424,0.0048390071255924915,False
1123,21.946811,1167,4533,1036296,0.004374232844669862,False
1124,21.964033,18,15984,15984,1.0,True
1125,21.981189,1166,4513,1035408,0.004358668273762614,False
1126,21.9982,1165,4256,1034520,0.004113985229865058,False
1127,22.014378,1165,4109,1034520,0.003971890345280903,False
1128,22.031244,0,0,0,0,False
1129,22.047233,1166,247,1035408,0.00023855330459104045,False
1130,22.065278,1166,100,1035408,9.658028525953054e-05,False
1131,22.0808,1166,105,1035408,0.00010140929952250708,False
1132,22.097322,29,25752,25752,1.0,True
1133,22.114322,1169,2114,1038072,0.002036467605329881,False
1134,22.132722,1169,1954,1038072,0.001882335714671044,False
1135,22.149311,1169,1221,1038072,0.001176218990590248,False
1136,22.164167,0,0,0,0,False
1137,22.180711,1171,73,1039848,7.020256806764066e-05,False
1138,22.280711,1171,73,1039848,7.020256806764066e-05,False
1139,22.298544,1172,75,1040736,7.206438520431695e-05,False
1140,22.398544,1172,75,1040736,7.206438520431695e-05,False
1141,22.498544,1173,73,1041624,7.008287059437954e-05,False
1142,22.598544,1173,73,1041624,7.008287059437954e-05,False
1143,22.614667,1173,62,1041624,5.952243803906208e-05,False
1144,22.714667,1173,64,1041624,6.144251668548343e-05,False
1145,22.7318,1173,62,1041624,5.952243803906208e-05,False
1146,22.8318,1173,53,1041624,5.0882084130165974e-05,False
1147,22.9318,1173,47,1041624,4.51218481909019e-05,False
1148,23.0318,1173,46,1041624,4.4161808867691223e-05,False
1149,23.1318,1173,48,1041624,4.608188751411258e-05,False
1150,23.2318,1173,47,1041624,4.51218481909019e-05,False
1151,23.3318,1173,56,1041624,5.376220209979801e-05,False
1152,23.4318,1173,65,1041624,6.240255600869411e-05,False
1153,23.5318,1173,61,1041624,5.8562398715851404e-05,False
1154,23.6318,1173,68,1041624,6.528267397832615e-05,False
1155,23.7318,1173,83,1041624,7.968326382648634e-05,False
1156,25.617733,1173,86,1041624,8.256338179611836e-05,False
1157,25.717733,1173,84,1041624,8.064330314969702e-05,False
1158,25.7303,1173,119,1041624,0.00011424467946207077,False
1159,25.8303,1173,204,1041624,0.00019584802193497845,False
1160,25.9303,1173,249,1041624,0.000239049791479459,False
1161,26.0303,1173,254,1041624,0.0002438499880955124,False
1162,26.1303,1173,255,1041624,0.0002448100274187231,False
1163,26.2303,1174,372,1042512,0.0003568304249735255,False
1164,26.3303,1174,498,1042512,0.0004776923431097196,False
1165,26.4303,1174,580,1042512,0.0005563485120554968,False
1166,26.5303,1174,692,1042512,0.0006637813281765582,False
1167,26.6303,1174,702,1042512,0.0006733735439016529,False
1168,26.7303,1174,808,1042512,0.0007750510305876575,False
1169,28.607911,1174,793,1042512,0.0007606627070000153,False
1170,28.707911,1174,825,1042512,0.0007913577973203186,False
1171,28.724233,1172,952,1040736,0.0009147372628601297,False
1172,28.824233,1172,994,1040736,0.0009550933185745472,False
1173,28.924233,1172,1025,1040736,0.000984879931125665,False
1174,29.024233,1172,1126,1040736,0.001081926636534145,False
1175,29.124233,1172,1055,1040736,0.0010137056852073916,False
1176,29.224233,1172,1018,1040736,0.0009781539218399287,False
1177,29.324233,1172,988,1040736,0.0009493281677582019,False
1178,29.424233,1172,993,1040736,0.0009541324601051563,False
1179,29.524233,1172,981,1040736,0.0009426021584724657,False
1180,29.624233,1172,975,1040736,0.0009368370076561202,False
1181,29.724233,1172,966,1040736,0.0009281892814316023,False
1182,31.634356,1172,972,1040736,0.0009339544322479476,False
1183,31.734356,1172,966,1040736,0.0009281892814316023,False
1184,31.750333,1172,972,1040736,0.0009339544322479476,False
1185,31.850333,1172,966,1040736,0.0009281892814316023,False
1186,31.950333,1172,972,1040736,0.0009339544322479476,False
1187,32.050333,1172,966,1040736,0.0009281892814316023,False
1188,32.150333,1172,972,1040736,0.0009339544322479476,False
1189,32.250333,1172,966,1040736,0.0009281892814316023,False
1190,32.350333,1172,972,1040736,0.0009339544322479476,False
1191,32.450333,1172,966,1040736,0.0009281892814316023,False
1192,32.550333,1172,972,1040736,0.0009339544322479476,False
1193,32.650333,1172,966,1040736,0.0009281892814316023,False
1194,32.750333,1172,972,1040736,0.0009339544322479476,False
1195,34.613978,1172,966,1040736,0.0009281892814316023,False
1196,34.713978,1172,972,1040736,0.0009339544322479476,False
1197,34.730478,1172,966,1040736,0.0009281892814316023,False
1198,34.830478,1172,972,1040736,0.0009339544322479476,False
1199,34.930478,1172,966,1040736,0.0009281892814316023,False
1200,35.030478,1174,1037,1042512,0.0009947127706923277,False
1201,35.130478,1174,1044,1042512,0.0010014273216998942,False
1202,35.230478,1174,1010,1042512,0.0009688137882345719,False
1203,35.330478,1174,993,1042512,0.0009525070215019107,False
1204,35.430478,1172,992,1040736,0.0009531716016357655,False
1205,35.530478,1174,953,1042512,0.0009141381586015316,False
1206,35.630478,1174,950,1042512,0.0009112604938840032,False
1207,35.730478,1174,950,1042512,0.0009112604938840032,False
1208,36.216767,1174,952,1042512,0.0009131789370290222,False
1209,36.316767,1174,952,1042512,0.0009131789370290222,False
1210,36.3315,1174,952,1042512,0.0009131789370290222,False
1211,36.4315,1174,952,1042512,0.0009131789370290222,False
1212,36.5315,1174,952,1042512,0.0009131789370290222,False
1213,36.6315,1174,952,1042512,0.0009131789370290222,False
1214,36.7315,1174,952,1042512,0.0009131789370290222,False
1215,36.8315,1174,952,1042512,0.0009131789370290222,False
1216,36.9315,1174,952,1042512,0.0009131789370290222,False
1217,37.0315,1174,952,1042512,0.0009131789370290222,False
1218,37.1315,1174,952,1042512,0.0009131789370290222,False
1219,37.2315,1174,952,1042512,0.0009131789370290222,False
1220,37.3315,1174,952,1042512,0.0009131789370290222,False
1221,37.616489,1174,952,1042512,0.0009131789370290222,False
1222,37.716489,1174,952,1042512,0.0009131789370290222,False
1223,37.732378,1174,952,1042512,0.0009131789370290222,False
1224,37.832378,1174,952,1042512,0.0009131789370290222,False
1225,37.932378,1174,952,1042512,0.0009131789370290222,False
1226,38.032378,1174,952,1042512,0.0009131789370290222,False
1227,38.132378,1174,952,1042512,0.0009131789370290222,False
1228,38.232378,1174,952,1042512,0.0009131789370290222,False
1229,38.332378,1174,952,1042512,0.0009131789370290222,False
1230,38.432378,1174,952,1042512,0.0009131789370290222,False
1231,38.532378,1174,952,1042512,0.0009131789370290222,False
1232,38.632378,1174,952,1042512,0.0009131789370290222,False
1233,38.732378,1174,952,1042512,0.0009131789370290222,False
1234,40.617633,1174,952,1042512,0.0009131789370290222,False
1235,40.717633,1174,952,1042512,0.0009131789370290222,False
1236,40.733167,1174,952,1042512,0.0009131789370290222,False
1237,40.833167,1174,952,1042512,0.0009131789370290222,False
1238,40.933167,1174,952,1042512,0.0009131789370290222,False
1239,41.033167,1174,952,1042512,0.0009131789370290222,False
1240,41.133167,1174,952,1042512,0.0009131789370290222,False
1241,41.233167,1174,952,1042512,0.0009131789370290222,False
1242,41.333167,1174,952,1042512,0.0009131789370290222,False
1243,41.433167,1174,952,1042512,0.0009131789370290222,False
1244,41.533167,1174,952,1042512,0.0009131789370290222,False
1245,41.633167,1174,952,1042512,0.0009131789370290222,False
1246,41.733167,1174,952,1042512,0.0009131789370290222,False
1247,43.617722,1174,952,1042512,0.0009131789370290222,False
1248,43.717722,1174,952,1042512,0.0009131789370290222,False
1249,43.7327,1174,952,1042512,0.0009131789370290222,False
1250,43.8327,1174,952,1042512,0.0009131789370290222,False
1251,43.9327,1174,952,1042512,0.0009131789370290222,False
1252,44.0327,1174,952,1042512,0.0009131789370290222,False
1253,44.1327,1174,952,1042512,0.0009131789370290222,False
1254,44.2327,1174,952,1042512,0.0009131789370290222,False
1255,44.3327,1174,952,1042512,0.0009131789370290222,False
1256,44.4327,1174,952,1042512,0.0009131789370290222,False
1257,44.5327,1174,952,1042512,0.0009131789370290222,False
1258,44.6327,1174,952,1042512,0.0009131789370290222,False
1259,44.7327,1174,952,1042512,0.0009131789370290222,False
1260,46.620489,1174,952,1042512,0.0009131789370290222,False
1261,46.720489,1174,952,1042512,0.0009131789370290222,False
1262,46.7359,1174,952,1042512,0.0009131789370290222,False
1263,46.8359,1174,952,1042512,0.0009131789370290222,False
1264,46.9359,1174,952,1042512,0.0009131789370290222,False
1265,47.0359,1174,952,1042512,0.0009131789370290222,False
1266,47.1359,1174,952,1042512,0.0009131789370290222,False
1267,47.2359,1174,952,1042512,0.0009131789370290222,False
1268,47.3359,1174,952,1042512,0.0009131789370290222,False
1269,47.4359,1174,952,1042512,0.0009131789370290222,False
1270,47.5359,1174,952,1042512,0.0009131789370290222,False
1271,47.6359,1174,952,1042512,0.0009131789370290222,False
1272,47.7359,1174,952,1042512,0.0009131789370290222,False
1273,49.620622,1174,952,1042512,0.0009131789370290222,False
1274,49.720622,1174,952,1042512,0.0009131789370290222,False
1275,49.732467,1174,952,1042512,0.0009131789370290222,False
1276,49.832467,1174,952,1042512,0.0009131789370290222,False
1277,49.932467,1174,952,1042512,0.0009131789370290222,False
1278,50.032467,1174,952,1042512,0.0009131789370290222,False
1279,50.132467,1174,952,1042512,0.0009131789370290222,False
1280,50.232467,1174,952,1042512,0.0009131789370290222,False
1281,50.332467,1174,952,1042512,0.0009131789370290222,False
1282,50.432467,1174,952,1042512,0.0009131789370290222,False
1283,50.532467,1174,952,1042512,0.0009131789370290222,False
1284,50.632467,1174,952,1042512,0.0009131789370290222,False
1285,50.732467,1174,952,1042512,0.0009131789370290222,False
1286,52.619456,1174,952,1042512,0.0009131789370290222,False
1287,52.719456,1174,952,1042512,0.0009131789370290222,False
1288,52.7352,1174,952,1042512,0.0009131789370290222,False
1289,52.8352,1174,952,1042512,0.0009131789370290222,False
1290,52.851878,1174,952,1042512,0.0009131789370290222,False
1291,52.951878,1174,952,1042512,0.0009131789370290222,False
1292,52.966733,1174,952,1042512,0.0009131789370290222,False
1293,53.066733,1174,952,1042512,0.0009131789370290222,False
1294,53.166733,1174,952,1042512,0.0009131789370290222,False
1295,53.266733,1174,952,1042512,0.0009131789370290222,False
1296,53.366733,1174,952,1042512,0.0009131789370290222,False
1297,53.466733,1174,952,1042512,0.0009131789370290222,False
1298,53.485678,1174,952,1042512,0.0009131789370290222,False
1299,53.585678,1174,952,1042512,0.0009131789370290222,False
1300,53.599967,1174,952,1042512,0.0009131789370290222,False
1301,53.699967,1174,952,1042512,0.0009131789370290222,False
1302,53.799967,1174,952,1042512,0.0009131789370290222,False
1303,53.899967,1174,952,1042512,0.0009131789370290222,False
1304,53.999967,1174,952,1042512,0.0009131789370290222,False
1305,54.099967,1174,952,1042512,0.0009131789370290222,False
1306,54.199967,1174,952,1042512,0.0009131789370290222,False
1307,54.299967,1174,952,1042512,0.0009131789370290222,False
1308,54.399967,1174,952,1042512,0.0009131789370290222,False
1309,54.499967,1174,952,1042512,0.0009131789370290222,False
1310,54.599967,1174,952,1042512,0.0009131789370290222,False
