frame,seconds,phase,missing_marker_fraction,missing_card_fraction,failing
0,0.0,142,0.0,0.0,False
1,0.071633,142,0.0,0.0,False
2,0.171633,142,0.0,0.0,False
3,0.181467,142,0.0,0.0,False
4,0.281467,142,0.0,0.0,False
5,0.381467,142,0.0,0.0,False
6,0.481467,142,0.0,0.0,False
7,0.581467,142,0.0,0.0,False
8,0.681467,142,0.0,0.0,False
9,0.781467,142,0.0,0.0,False
10,0.881467,142,0.0,0.0,False
11,0.981467,142,0.0,0.0,False
12,1.081467,142,0.0,0.0,False
13,1.181467,142,0.0,0.0,False
14,2.317411,142,0.0,0.0,False
15,2.331556,142,0.0,0.0,False
16,2.349589,142,0.0,0.0,False
17,2.365789,132,0.0,0.0,False
18,2.381789,120,0.0,0.0,False
19,2.3987,55,0.7156862745098039,0.8552152919182177,True
20,2.415656,110,0.0,0.0,False
21,2.431778,98,0.0,0.0,False
22,2.449133,88,0.0,0.0,False
23,2.465578,25,0.6508333333333334,0.8407835421054577,True
24,2.482778,76,0.0,0.0,False
25,2.499144,66,0.0,0.0,False
26,2.516189,54,0.0,0.0,False
27,2.533056,42,0.501439393939394,0.8831460674157303,True
28,2.549333,32,0.0,0.0,False
29,2.565489,20,0.0,0.0,False
30,2.5824,10,0.0,0.0,False
31,2.597956,304,0.4859595959595959,0.8558246828143021,True
32,2.614889,294,0.0,0.0,False
33,2.631489,284,0.0,0.0,False
34,2.647867,272,0.0,0.0,False
35,2.664767,262,0.5010025062656642,0.8460686600221484,True
36,2.6813,250,0.0,0.0,False
37,2.697889,238,0.0,0.0,False
38,2.7144,226,0.0,0.0,False
39,2.7319,214,0.43123042505592846,0.8363494001786461,True
40,2.748044,204,0.0,0.0,False
41,2.764544,194,0.0,0.0,False
42,2.7814,182,0.0,0.0,False
43,2.797911,123,0.4957983193277311,0.8033084335466005,True
44,2.814578,160,0.0,0.0,False
45,2.831122,148,0.0,0.0,False
46,2.847822,138,0.0,0.0,False
47,2.864633,83,0.4954128440366973,0.799140708915145,True
48,2.881289,116,0.0,0.0,False
49,2.898233,104,0.0,0.0,False
50,2.914611,94,0.0,0.0,False
51,2.931322,39,0.46520202020202017,0.7608708828841935,True
52,2.948189,70,0.0,0.0,False
53,2.964922,60,0.0,0.0,False
54,2.981644,48,0.0,0.0,False
55,2.998333,36,0.4760606060606061,0.8552036199095022,True
56,3.014878,28,0.0,0.0,False
57,3.031656,16,0.0,0.0,False
58,3.048244,6,0.0,0.0,False
59,3.065044,300,0.501969696969697,0.8558246828143021,True
60,3.081367,290,0.0,0.0,False
61,3.098233,276,0.0,0.0,False
62,3.1149,270,0.0,0.0,False
63,3.131178,254,0.45179361179361177,0.8386388583973655,True
64,3.148289,244,0.0,0.0,False
65,3.164378,232,0.0,0.0,False
66,3.181189,222,0.0,0.0,False
67,3.198622,210,0.4235033259423503,0.8502617801047121,True
68,3.214356,198,0.0,0.0,False
69,3.231122,188,0.0,0.0,False
70,3.247978,176,0.0,0.0,False
71,3.264989,123,0.44432773109243695,0.7808511707366094,True
72,3.281256,154,0.0,0.0,False
73,3.297944,144,0.0,0.0,False
74,3.315022,132,0.0,0.0,False
75,3.3311,75,0.4835514018691589,0.7930660888407367,True
76,3.347878,110,0.0,0.0,False
77,3.364933,98,0.0,0.0,False
78,3.382044,88,0.0,0.0,False
79,3.399789,35,0.5087373737373737,0.8046249954334563,True
80,3.415844,67,0.0,0.0,False
81,3.432789,56,0.0,0.0,False
82,3.449478,46,0.0,0.0,False
83,3.467167,32,0.43393939393939396,0.875,True
84,3.483056,24,0.0,0.0,False
85,3.499789,12,0.0,0.0,False
86,3.516022,0,0.0,0.0,False
87,3.532689,265,0.4536868686868687,0.7044190561529271,True
88,3.549078,282,0.0,0.0,False
89,3.566133,272,0.0,0.0,False
90,3.581544,260,0.0,0.0,False
91,3.5981,250,0.4754744525547445,0.8524590163934427,True
92,3.614956,238,0.0,0.0,False
93,3.631967,228,0.0,0.0,False
94,3.649144,216,0.0,0.0,False
95,3.665278,204,0.4407877461706783,0.8699271592091571,True
96,3.681433,194,0.0,0.0,False
97,3.698678,182,0.0,0.0,False
98,3.715078,172,0.0,0.0,False
99,3.731844,160,0.4789494949494949,0.8844839714601548,True
100,3.7483,150,0.0,3.349747094094635e-05,False
101,3.765111,138,0.0,3.349747094094635e-05,False
102,3.781678,128,0.0,2.5123103205682007e-05,False
103,3.798144,73,0.46507042253521125,0.7704677594480054,True
104,3.815311,106,0.0,0.0,False
105,3.831833,96,0.0,0.0,False
106,3.848456,84,0.0,0.0,False
107,3.864856,25,0.4952777777777778,0.7806584020002709,True
108,3.882011,60,0.0,4.73686703613696e-05,False
109,3.898344,50,0.0,0.0,False
110,3.915011,38,0.0,0.0,False
111,3.931867,26,0.49737373737373736,0.8832213774267366,True
112,3.948144,16,0.0,0.0,False
113,3.964878,4,0.0,0.0,False
114,3.981522,300,0.0,0.0,False
115,3.998956,288,0.4859595959595959,0.8449381444562964,True
116,4.015044,278,0.0,0.00015456231588895086,False
117,4.031556,266,0.0,0.00015249919265136747,False
118,4.048278,256,0.0,6.210298449205176e-05,False
119,4.065367,244,0.44335731414868107,0.8387811868819539,True
120,4.082011,234,0.0,0.0,False
121,4.098578,222,0.0,0.0,False
122,4.115356,210,0.0,0.0,False
123,4.132011,198,0.45136069114470845,0.8434607353811454,True
124,4.148322,188,0.0,0.0,False
125,4.165211,178,0.0,0.0,False
126,4.181767,166,0.0,0.0,False
127,4.1984,107,0.491,0.8007965996734786,True
128,4.215422,146,0.0,6.69949418818927e-05,False
129,4.232122,134,0.0,5.0246206411364014e-05,False
130,4.248522,124,0.0,4.187183867621069e-05,False
131,4.265344,69,0.4781990521327014,0.7993574184167634,True
132,4.282067,100,0.0,0.00011058935619978616,False
133,4.298956,88,0.0,0.00011200716845882752,False
134,4.315156,78,0.0,7.838082630806653e-05,False
135,4.331822,66,0.48400954653937944,0.8692751347027129,True
136,4.348756,56,0.0,5.352554952897659e-05,False
137,4.365322,44,0.0,5.424562418632206e-05,False
138,4.3823,32,0.0,4.582111436945979e-05,False
139,4.398689,20,0.47984848484848486,0.8528256776175611,True
140,4.4152,10,0.0,0.0,False
141,4.431822,296,0.0,0.0,False
142,4.449256,296,0.0,0.0,False
143,4.4659,296,0.6428282828282827,0.9258324362448495,True
144,4.5659,296,0.6437373737373737,0.9256375515052526,True
145,4.583256,296,0.6438383838383839,0.9290867020552607,True
146,4.683256,296,0.6438383838383839,0.9277936572750782,True
147,4.783256,296,0.6438383838383839,0.9266429092888873,True
148,4.786122,286,0.0,3.669859444388468e-05,False
149,4.798878,286,0.0,3.669859444388468e-05,False
150,4.815556,275,0.0,3.624501631027677e-05,False
151,4.832289,274,0.7168181818181818,0.9847127185836864,True
152,4.850422,275,0.00030303030303024947,0.0006493898755587368,False
153,4.865956,264,0.0,0.00028791187808052676,False
154,4.882567,264,0.0,0.00028791187808052676,False
155,4.899422,252,0.6422493887530563,0.9509003756963337,True
156,4.915856,242,0.0,9.319773063520831e-05,False
157,4.932967,230,0.0,9.200161002820284e-05,False
158,4.949322,218,0.0,9.083580293167692e-05,False
159,4.970711,208,0.4303752759381898,0.8581645150054493,True
160,4.983,198,0.0,3.349747094094635e-05,False
161,4.999467,186,0.0,3.349747094094635e-05,False
162,5.016367,174,0.0,3.349747094094635e-05,False
163,5.032744,121,0.45687763713080165,0.8010808517290278,True
164,5.049889,156,0.0002424242424242662,3.349747094094635e-05,False
165,5.066256,142,0.0,3.349747094094635e-05,False
166,5.083044,132,0.0,3.349747094094635e-05,False
167,5.0997,75,0.45429906542056075,0.7870854157201272,True
168,5.116022,111,0.0,0.001683261013376347,False
169,5.133033,97,0.0,0.001728110599078292,False
170,5.149478,86,0.0,0.0017484630793672684,False
171,5.166567,25,0.525050505050505,0.7895943415979998,True
172,5.182744,62,0.0,0.011940210327307077,False
173,5.199489,52,0.0,0.012072879330943809,False
174,5.216067,40,0.0,0.00032088540153052403,False
175,5.232922,29,0.48444444444444446,0.8863320091710499,True
176,5.249567,20,0.0,0.0009198008027352378,False
177,5.266356,8,0.0,0.0006991727747392984,False
178,5.282811,0,0.0,0.0006991727747392984,False
179,5.299744,290,0.462020202020202,0.8481689708141321,True
180,5.316356,280,0.0,0.029446874430472003,False
181,5.332778,270,0.0,0.00075689313389804,False
182,5.349967,258,0.0,0.0007468791122807739,False
183,5.366644,246,0.44568674698795185,0.8422198041349293,True
184,5.383156,236,0.0,0.0008984686968297462,False
185,5.399444,226,0.0,0.0008889003401010287,False
186,5.416678,214,0.0,0.0008776839320240315,False
187,5.4332,202,0.4684749455337691,0.8701973001038421,True
188,5.449644,192,0.0,0.000859768420817586,False
189,5.466333,182,0.0,0.000859768420817586,False
190,5.482989,172,0.0,0.0008458111412588121,False
191,5.499744,115,0.5083333333333333,0.8129529137216807,True
192,5.516311,148,0.0,0.0010384215991692258,False
193,5.533389,136,0.0,0.0009435120981698963,False
194,5.549789,126,0.0,0.0008541855089940764,False
195,5.566744,73,0.43420187793427234,0.789222210547208,True
196,5.583333,106,0.0,0.0010538536101530882,False
197,5.600067,90,0.0,0.0010718297911365138,False
198,5.616422,80,0.0,0.00108337968112715,False
199,5.633511,25,0.46464646464646464,0.7744599022035005,True
200,5.650033,58,0.0,0.0,False
201,5.666444,48,0.0,0.0,False
202,5.683067,36,0.0,0.0,False
203,5.700067,24,0.49363636363636365,0.8830275229357798,True
204,5.716378,14,0.0,0.0021920849301136913,False
205,5.733067,2,0.0,0.0021920849301136913,False
206,5.749878,296,0.0,0.0021870398554759696,False
207,5.766711,286,0.5044444444444445,0.8624460224840056,True
208,5.782978,274,0.0,0.007402278459626155,False
209,5.799844,264,0.0,0.006210244292482625,False
210,5.816556,254,0.0,0.0050443799204465956,False
211,5.833267,242,0.4483532219570405,0.8732394366197183,True
212,5.849789,237,0.00025943396226413284,0.0016221727845754375,False
213,5.866567,222,0.0,0.0015051482913146508,False
214,5.883656,212,0.0,0.0013990905911157592,False
215,5.899944,198,0.45123110151187906,0.8702419633984301,True
216,5.916478,186,0.0,0.09149275896336495,True
217,5.9334,176,0.0,0.09026451836219695,True
218,5.950011,164,0.0,0.08823233845844636,True
219,5.966878,107,0.4588695652173913,0.8093058604965377,True
220,5.983278,142,0.0,0.18483904465212875,True
221,6.000244,132,0.0,0.18483904465212875,True
222,6.016589,120,0.0,0.18276220145379019,True
223,6.033322,59,0.5139563106796117,0.8316617467487049,True
224,6.050444,97,0.0,0.00139386698526478,False
225,6.067122,86,0.0,0.001180032695540012,False
226,6.083556,74,0.0,0.0009621440067175691,False
227,6.100311,64,0.4926618705035971,0.9033702367477834,True
228,6.116756,52,0.0,0.0016054360812425283,False
229,6.133356,42,0.0,0.0013335145584149055,False
230,6.150211,30,0.0,0.0011068043206701184,False
231,6.166844,0,0.4590909090909091,0.8050749711649365,True
232,6.183689,8,0.0,0.014870211209088269,False
233,6.200011,0,0.0,0.016147635524798143,False
234,6.216622,292,0.0,0.01247705970020574,False
235,6.2336,280,0.4934090909090909,0.8597655063483385,True
236,6.250122,272,0.0,0.012658189743404491,False
237,6.266756,260,0.0,0.010327927285688876,False
238,6.283522,250,0.0,0.010215053763440896,False
239,6.300056,239,0.47374407582938394,0.8920086393088553,True
240,6.316767,226,0.0,0.03917459663105338,True
241,6.333644,214,0.0,0.03897142792533048,True
242,6.350167,202,0.0,0.0395521388135196,True
243,6.366944,192,0.41739872068230277,0.8773378443260867,True
244,6.383689,181,0.0,0.0314541252135464,True
245,6.4003,170,0.0,0.031342466977076544,True
246,6.416878,160,0.0,0.030304045377907318,True
247,6.433489,105,0.43327510917030565,0.8634335262724391,True
248,6.450344,142,0.00014141414141410902,0.1874965106801103,True
249,6.467144,128,0.0,0.18957335387844887,True
250,6.483478,114,0.0,0.19288891869537028,True
251,6.500256,59,0.46601941747572817,0.8621593105001719,True
252,6.516678,92,0.0,0.019972546328071328,False
253,6.533733,81,0.0,0.01913260877113787,False
254,6.549956,70,0.0,0.018272541991707025,False
255,6.567,58,0.5209489051094891,0.9161147902869757,True
256,6.583511,48,0.0,0.22313478062596004,True
257,6.600067,36,0.0,0.22616375954848444,True
258,6.6168,26,0.0,0.22875144558450822,True
259,6.633389,14,0.48737373737373735,0.8951256340613412,True
260,6.6504,4,0.0,0.014907417742555551,False
261,6.666756,300,0.0,0.014907417742555551,False
262,6.683356,290,0.0,0.01005837173579105,False
263,6.700111,265,0.5002777777777778,0.8119952210274791,True
264,6.716867,270,0.00010101010101004615,0.002396828257343664,False
265,6.733778,254,0.0,0.0071586228060857016,False
266,6.750567,242,0.0,0.0070655529537855255,False
267,6.767344,230,0.4271925754060325,0.8506583865217641,True
268,6.784356,220,0.0,0.0023439722364453353,False
269,6.801244,210,0.0,0.0002251871868490518,False
270,6.817722,198,0.0,0.00022331647293960533,False
271,6.834322,186,0.4862105263157894,0.90525240344354,True
272,6.850544,176,0.0,0.037218481671300485,True
273,6.867178,166,0.0,0.03571109547895801,True
274,6.883789,145,0.0,0.03669368795989236,True
275,6.900589,99,0.5001327433628319,0.8434161074587548,True
276,6.917889,145,0.0,0.20548046539152964,True
277,6.934589,145,0.0,0.20548046539152964,True
278,7.034589,145,0.0,0.20548046539152964,True
279,7.052467,145,0.0,0.20548046539152964,True
280,7.152467,145,0.0,0.20548046539152964,True
281,7.241267,134,0.0,0.20295698924731187,True
282,7.251889,57,0.8098536585365854,0.9259579397611833,True
283,7.267956,126,0.0,0.7133956386292835,True
284,7.284489,126,0.0,0.7133956386292835,True
285,7.301156,126,0.0,0.7133956386292835,True
286,7.317467,41,0.7380808080808081,0.9164081304353084,True
287,7.334211,100,0.0,0.15862483553377793,True
288,7.351233,90,0.0,0.1581436137285921,True
289,7.367922,78,0.0,0.15803316379850907,True
290,7.384667,25,0.445479797979798,0.7959606596952788,True
291,7.401556,56,0.0,0.010792832334189706,False
292,7.417867,46,0.0,0.010913557528084428,False
293,7.434733,36,0.0,0.006854230525957239,False
294,7.451533,24,0.495,0.8805890549472231,True
295,7.468111,18,0.0,0.033385112425741936,True
296,7.485467,4,0.0,0.033385112425741936,True
297,7.501689,296,0.0,0.03330827672395664,True
298,7.518256,284,0.5021212121212122,0.8694665153234961,True
299,7.535111,272,0.0,0.01152181242399064,False
300,7.5516,262,0.0,0.009423486824087002,False
301,7.568222,252,0.0,0.007382904050218464,False
302,7.584744,240,0.45757719714964373,0.8810345829700669,True
303,7.601311,230,0.0,0.0015439020182853591,False
304,7.618033,218,0.0,0.0015243383179480707,False
305,7.634844,206,0.0,0.0013244643277607882,False
306,7.651678,194,0.4088436830835118,0.8701973001038421,True
307,7.668178,184,0.0,0.0008807043401556358,False
308,7.684556,174,0.0,0.0008751214283321262,False
309,7.701256,162,0.0,0.0005289808952757546,False
310,7.7179,107,0.4347826086956522,0.812281146202781,True
311,7.734533,140,0.0,0.001182181578624153,False
312,7.7514,130,0.0,0.001182181578624153,False
313,7.768178,118,0.0,0.001182181578624153,False
314,7.784789,59,0.5034466019417476,0.8146672831383149,True
315,7.801667,96,0.0,0.0005182704574449026,False
316,7.818022,84,0.0,0.0005162905533250273,False
317,7.834711,75,0.0,0.0005213248057409636,False
318,7.851522,64,0.5298800959232615,0.9033702367477834,True
319,7.868311,52,0.0,0.0012783751493429252,False
320,7.884789,40,0.0,0.0012956504891988851,False
321,7.901489,28,0.0,0.001245887956007219,False
322,7.918133,16,0.39343434343434347,0.8581314878892734,True
323,7.934811,6,0.0,0.003571827212858536,False
324,7.951522,302,0.0,0.0015192667832470974,False
325,7.968267,290,0.0,0.0015069124423963132,False
326,7.9847,265,0.46530303030303033,0.7665262843488649,True
327,8.001578,268,0.0,0.0012376979417653144,False
328,8.018,258,0.0,0.0012240518784601973,False
329,8.035,246,0.0,0.0028227269004410527,False
330,8.051567,234,0.45330210772833723,0.867323839552799,True
331,8.068211,224,0.0,0.003005267788785626,False
332,8.0848,212,0.0,0.002967426011801999,False
333,8.101767,202,0.0,0.0029366116191560376,False
334,8.118389,190,0.4630148619957537,0.9034267912772586,True
335,8.135067,180,0.0,0.0010551703346397545,False
336,8.1518,168,0.0,0.0010551703346397545,False
337,8.168167,158,0.0,0.0010551703346397545,False
338,8.185244,103,0.4459868421052632,0.8107029386158316,True
339,8.202367,134,0.0,0.040811085429716676,True
340,8.218344,126,0.0,0.019104724259984995,False
341,8.2349,114,0.0,0.016710258645742493,False
342,8.2516,59,0.46601941747572817,0.7892822847387702,True
343,8.268622,92,0.0,0.0005419240448409912,False
344,8.2851,78,0.0,0.0004557699900137324,False
345,8.301789,68,0.0,0.00046074564492648573,False
346,8.318356,9,0.505050505050505,0.8062035693467773,True
347,8.335189,44,0.0,0.00037971936930425443,False
348,8.3519,34,0.0,0.00038402457757291675,False
349,8.368644,24,0.0,0.00038842852915066395,False
350,8.385444,12,0.5023232323232323,0.8902810333494562,True
351,8.402022,1,0.0,0.0009627190534657881,False
352,8.418911,296,0.0,0.0009605033594417556,False
353,8.435233,284,0.0,0.0009519973636996637,False
354,8.452078,274,0.47257575757575754,0.8685450683658569,True
355,8.468567,262,0.0,0.1537408161564201,True
356,8.485356,251,0.0,0.1497023599444719,True
357,8.501789,240,0.0,0.14575995350188897,True
358,8.518733,228,0.39147806004618935,0.8479303657291057,True
359,8.535433,218,0.0001580135440180097,0.00035766597404363054,False
360,8.553111,207,0.0,0.0003535591622331191,False
361,8.568478,196,0.0,0.00035172344487988116,False
362,8.585233,184,0.4733752620545073,0.8785660849272546,True
363,8.601667,174,0.0,0.1312361125068391,True
364,8.618611,164,0.0,0.12837626592525597,True
365,8.635278,154,0.0,0.12556666555008433,True
366,8.652044,91,0.4989639639639639,0.8316671819712116,True
367,8.670078,130,0.0,0.002469042753938777,False
368,8.685633,118,0.0,0.0016218358847240877,False
369,8.702056,108,0.0,0.0007788950375668957,False
370,8.718656,55,0.46982843137254904,0.7900427487824337,True
371,8.735533,86,0.0,0.00036264419423914784,False
372,8.752289,74,0.0,0.00036736407529214254,False
373,8.768944,62,0.0,0.0003722084367245859,False
374,8.785467,50,0.4235732009925558,0.8735691021864598,True
375,8.802889,40,0.0,0.00048435532306501106,False
376,8.818856,30,0.0,0.00024493594924923645,False
377,8.835556,18,0.0,0.0,False
378,8.8524,6,0.48250000000000004,0.8558246828143021,True
379,8.869056,0,0.00017676767676766403,0.041268246704121214,True
380,8.885578,290,0.0,0.03577880184331794,True
381,8.902344,280,0.0,0.0025211105036145876,False
382,8.918867,268,0.499520202020202,0.867898970283262,True
383,8.935589,258,9.925558312651184e-05,0.002999371673127804,False
384,8.952267,246,0.0,0.004551464307861464,False
385,8.969122,234,0.0,0.003936973770832575,False
386,8.986133,224,0.4383066361556064,0.8823089141041902,True
387,9.002722,219,0.00013574660633486335,0.00210990247561893,False
388,9.0192,204,0.0,0.001895147303995648,False
389,9.035867,194,0.0,0.0014710972654897736,False
390,9.052556,180,0.487941787941788,0.8940963498922498,True
391,9.069167,171,0.0,0.0011026250851393637,False
392,9.086067,157,0.0,0.0008667470605969729,False
393,9.103011,146,0.0,0.0008667470605969729,False
394,9.119589,91,0.43243243243243246,0.7864806989819872,True
395,9.136256,124,0.0,0.0,False
396,9.152633,114,0.0,0.0,False
397,9.1691,102,0.0,0.0,False
398,9.1858,41,0.5245454545454545,0.7895666267523012,True
399,9.2027,80,0.0,0.0,False
400,9.219456,68,0.0,0.0,False
401,9.235822,56,0.0,0.0,False
402,9.252511,46,0.4883709273182958,0.9105145413870246,True
403,9.269956,34,0.0,0.00038402457757291675,False
404,9.285878,24,0.0,0.00038842852915066395,False
405,9.302522,12,0.0,0.00039066860140635207,False
406,9.318944,300,0.3812121212121212,0.8033293646364301,True
407,9.335678,0,0.00017676767676766403,0.00483684935074602,False
408,9.353033,0,0.0,0.004815145539556753,False
409,9.453033,0,0.0,0.004815145539556753,False
410,9.470433,0,0.0,0.004815145539556753,False
411,9.570433,0,0.0,0.004253946993092006,False
412,9.670433,0,0.0,0.004253946993092006,False
413,9.675856,298,0.0,0.004053961875705392,False
414,9.689278,303,0.9197727272727273,1.0,True
415,9.703133,286,0.0,0.0,False
416,9.719322,286,0.0,0.0,False
417,9.735867,286,0.0,0.0,False
418,9.752733,274,0.7433080808080808,0.9833128175422082,True
419,9.769433,268,0.0,7.192433559899403e-05,False
420,9.785689,256,0.0,7.097483941942428e-05,False
421,9.802089,242,0.0,6.116101072939362e-05,False
422,9.819811,230,0.4347795823665893,0.8409119659594043,True
423,9.836244,220,0.00018140589569159982,0.0006101723843658924,False
424,9.853678,211,0.0,0.0,False
425,9.870367,200,0.0,0.0,False
426,9.888022,186,0.48501052631578945,0.8868120456905504,True
427,9.902967,178,0.0,0.001218470505476854,False
428,9.919111,168,0.0,0.001218470505476854,False
429,9.935622,154,0.0,0.001218470505476854,False
430,9.952622,99,0.4773451327433629,0.8269407637020132,True
431,9.968856,132,0.0,0.027128764278297024,False
432,9.985767,120,0.0,0.027128764278297024,False
433,10.002256,108,0.0,0.027136196967651904,False
434,10.019011,55,0.48916666666666664,0.7860209099894021,True
435,10.035889,86,0.0,0.027094701941009824,False
436,10.052511,76,0.0,0.027390843923101982,False
437,10.069311,65,0.0,0.025862982722679617,False
438,10.085922,9,0.478459595959596,0.7723053168136325,True
439,10.102511,42,0.0,0.0,False
440,10.118722,32,0.0,0.0,False
441,10.135978,20,0.0,0.0,False
442,10.152456,8,0.4929292929292929,0.8653433542930138,True
443,10.168733,0,0.0,0.0009627190534657881,False
444,10.185367,294,0.0,0.0010570596150759615,False
445,10.202144,282,0.0,0.0013288642092572633,False
446,10.2188,270,0.5012121212121212,0.8648990809154803,True
447,10.235489,260,0.0,0.0016708251648547279,False
448,10.252422,250,0.0,0.001652564780539434,False
449,10.268989,240,0.0,0.0016346992153444262,False
450,10.285989,224,0.4255377574370709,0.848171128860855,True
451,10.302456,218,0.0,0.001630786524508654,False
452,10.318933,204,0.0,0.0016070289684804173,False
453,10.335422,194,0.0,0.0010691276141984174,False
454,10.352456,180,0.45316008316008316,0.8753894080996885,True
455,10.3687,172,0.0,0.013003997364865572,False
456,10.385444,160,0.0,0.0013301287419466012,False
457,10.402256,150,0.0,0.0013301287419466012,False
458,10.419256,91,0.4679279279279279,0.7997870074547391,True
459,10.435867,126,0.0,0.053616889424848435,True
460,10.451978,116,0.0,0.025296173472236227,False
461,10.468722,104,0.0,0.025588461190927947,False
462,10.485578,51,0.5148762376237623,0.8008898776418243,True
463,10.502078,82,0.0,0.0007284079084287631,False
464,10.518844,70,0.0,0.0007379295804342823,False
465,10.535633,60,0.0,0.0007460565581923762,False
466,10.552256,48,0.47356608478803,0.883976574500768,True
467,10.5687,38,0.0,0.04778028592927008,True
468,10.585744,26,0.0,0.03470633104500387,True
469,10.602156,16,0.0,0.030348129131475443,True
470,10.618656,0,0.45979797979797976,0.8212226066897347,True
471,10.635444,302,0.0,0.0028106435490071746,False
472,10.652256,290,0.0,0.002761904761904743,False
473,10.668711,278,0.0,0.0027245396467493466,False
474,10.685444,268,0.5025252525252526,0.8717948717948718,True
475,10.702133,256,0.0,0.0010764517311946387,False
476,10.718567,244,0.0,0.0010624263014722413,False
477,10.735378,232,0.0,0.001048761654507957,False
478,10.752078,220,0.4148526077097505,0.861241963930136,True
479,10.769044,210,0.0,0.0005123008500815818,False
480,10.785511,200,0.0,0.0005080449759377048,False
481,10.802367,188,0.0,0.0004173226588058965,False
482,10.818667,176,0.46931958762886594,0.8920041536863967,True
483,10.835522,166,0.0,0.00035172344487988116,False
484,10.852444,156,0.0,0.00035172344487988116,False
485,10.869144,144,0.0,0.00035172344487988116,False
486,10.885444,89,0.4438914027149321,0.7831043940280694,True
487,10.902289,126,0.00014613778705641067,0.0,False
488,10.918867,110,0.0,2.2448200776681304e-05,False
489,10.935567,100,0.0,2.2684996143551572e-05,False
490,10.952322,41,0.49318181818181817,0.8069066971467276,True
491,10.969078,76,0.0,0.0,False
492,10.985767,66,0.0,0.0,False
493,11.002189,56,0.0,0.0,False
494,11.019756,49,0.5017412935323383,0.9241917502787068,True
495,11.036322,34,0.0,0.01664106502816176,False
496,11.053256,22,0.0,0.01457174638487213,False
497,11.0708,12,0.0,0.014622167652639795,False
498,11.087778,0,0.4735353535353536,0.8765859284890427,True
499,11.105022,286,0.00017676767676766403,0.036264327742914104,True
500,11.121344,286,0.0,0.03222442413788884,True
501,11.137333,272,0.0,0.030488025141783726,True
502,11.153611,258,0.41808933002481385,0.8355828620881791,True
503,11.1705,250,0.0,0.041779775544979136,True
504,11.187689,238,0.0,0.011502302490401406,False
505,11.204333,228,0.0,0.0113795457935989,False
506,11.220722,216,0.43604494382022474,0.8639343054941817,True
507,11.237967,208,0.0,0.00022471657621825347,False
508,11.254022,194,0.0,0.00044663294587921065,False
509,11.269233,184,0.0,0.00022331647293960533,False
510,11.286056,123,0.49588235294117644,0.8814147656851907,True
511,11.302578,160,0.0,0.010892260967630296,False
512,11.319056,149,0.0,0.009742181131991212,False
513,11.335856,138,0.0,0.008592101296352128,False
514,11.352556,83,0.494954128440367,0.8369396994791125,True
515,11.369378,116,0.0,0.17323775388291518,True
516,11.386122,104,0.0,0.17344357097677776,True
517,11.406589,94,0.0,0.1730760450197475,True
518,11.420811,39,0.48484848484848486,0.8674794826102241,True
519,11.436533,78,0.00016241299303942913,0.023072992870247777,False
520,11.453278,62,0.0,0.027561148528890467,False
521,11.469944,52,0.0,0.02548387096774196,False
522,11.486133,40,0.4953535353535353,0.9478288772643612,True
523,11.502511,32,0.0,0.07035068426197455,True
524,11.519367,18,0.0,0.07119315151740646,True
525,11.535922,6,0.0,0.07129546948444143,True
526,11.552678,300,0.5020959595959595,0.8843930994282596,True
527,11.569589,290,0.0,0.03898617511520741,True
528,11.586478,278,0.0,0.03845874095355861,True
529,11.602756,266,0.0,0.037940902077577277,True
530,11.619611,254,0.4518673218673218,0.867178924259056,True
531,11.636567,244,0.0,0.001103288851528883,False
532,11.653722,234,0.0,0.0010741138560687036,False
533,11.669922,222,0.0,0.000970649608319385,False
534,11.686356,210,0.4231263858093126,0.86282722513089,True
535,11.703144,200,0.0,0.0011389140119920649,False
536,11.719644,188,0.0,0.0011389140119920649,False
537,11.736456,176,0.0,0.0007397358166124635,False
538,11.753,123,0.44771008403361345,0.8462242767337733,True
539,11.769689,149,0.00014141414141410902,0.1314650118916022,True
540,11.786378,149,0.0,0.1314650118916022,True
541,11.802967,149,0.0,0.1314650118916022,True
542,11.8202,75,0.7453504672897197,0.9643300248138957,True
543,11.9202,75,0.7453504672897197,0.9643300248138957,True
544,11.937667,75,0.7453504672897197,0.9643300248138957,True
545,12.037667,75,0.7453504672897197,0.9643300248138957,True
546,12.071022,75,0.7453504672897197,0.9645251575624133,True
547,12.171022,75,0.7453504672897197,0.9635145446708373,True
548,12.187911,75,0.7453504672897197,0.9635145446708373,True
549,12.287911,75,0.7453504672897197,0.9645309824205781,True
550,12.387911,75,0.7453504672897197,0.9590031920222742,True
551,12.487911,75,0.7453504672897197,0.9588663078554037,True
552,12.587911,75,0.7453504672897197,0.9538744044082527,True
553,12.687911,75,0.7453504672897197,0.941956744603269,True
554,12.787911,75,0.7453504672897197,0.9316438332226611,True
555,12.887911,75,0.7453504672897197,0.9316438332226611,True
556,12.987911,75,0.7453504672897197,0.9334000279593192,True
557,13.087911,75,0.7453504672897197,0.9335369121261897,True
558,13.187911,75,0.7453504672897197,0.9335369121261897,True
559,13.628522,162,0.0,0.0,False
560,13.638956,162,0.0,0.0,False
561,13.6535,170,0.0,0.0,False
562,13.6704,240,0.7203800475059383,0.9255608834641093,True
563,13.687078,170,0.0,0.023961857546421883,False
564,13.703667,182,0.0,0.023961857546421883,False
565,13.720356,194,0.0,0.021840351053495466,False
566,13.737511,264,0.6026700251889169,0.8501664816870145,True
567,13.754067,214,0.0,0.0386491864816888,True
568,13.7707,226,0.0,0.03813683053351202,True
569,13.792111,238,0.0,0.029095765041584065,False
570,13.804578,265,0.4706818181818182,0.8822222222222222,True
571,13.821244,260,0.0,0.010883383829382809,False
572,13.839344,282,0.0,0.00742976655828731,False
573,13.855456,293,0.0,0.007523490677715294,False
574,13.872656,298,0.5005050505050506,0.9319492502883506,True
575,13.889489,0,0.0,0.005748409420694323,False
576,13.905578,8,0.0,0.008019558234426016,False
577,13.925367,20,0.0,0.00746215499727465,False
578,13.937922,35,0.48737373737373735,0.9433748584371461,True
579,13.954111,40,0.0,0.05160805967257576,True
580,13.970778,52,0.0,0.05091995221027479,True
581,13.987644,66,0.0,0.04621361850309402,True
582,14.004022,81,0.39541474654377884,0.9557334166695602,True
583,14.020711,86,0.0,0.05742010315212631,True
584,14.037622,98,0.0,0.053274682306940324,True
585,14.054622,110,0.0,0.052883751992277794,True
586,14.071356,125,0.455418410041841,0.9418483904465212,True
587,14.087789,147,4.040404040406287e-05,0.372490481135341,True
588,14.1046,147,4.040404040406287e-05,0.372490481135341,True
589,14.121222,154,0.0,0.3701149521544457,True
590,14.137767,216,0.45399999999999996,0.8199066363008034,True
591,14.154933,176,2.0618556700990887e-05,0.013563684275170518,False
592,14.1727,186,0.0,0.01564052747350908,False
593,14.189978,198,0.0,0.013563684275170518,False
594,14.206011,256,0.5252345679012346,0.8362063356873322,True
595,14.223678,220,0.0,0.11480770324856349,True
596,14.239867,232,0.0,0.10342259332249992,True
597,14.255744,244,0.0,0.08950795652224675,True
598,14.271867,259,0.43462686567164177,0.9481236203090507,True
599,14.289067,264,0.0,0.022973279390879897,False
600,14.306122,274,0.0,0.0,False
601,14.322589,286,0.0,0.0,False
602,14.339033,301,0.482020202020202,0.8921630638340092,True
603,14.355878,5,0.0,0.0012867259490766392,False
604,14.372767,16,0.0,0.006123575299822659,False
605,14.3895,26,0.0,0.0006151423439383352,False
606,14.405722,41,0.4949494949494949,0.896289173530728,True
607,14.422567,52,0.0,0.0018876941457586227,False
608,14.439367,58,0.0,0.0021629993591113506,False
609,14.456689,70,0.0,0.0018711785789584656,False
610,14.473789,85,0.4562557077625571,0.9354262467010107,True
611,14.489833,96,2.227171492208413e-05,0.006287588846364156,False
612,14.505844,104,0.0,0.006099213879100063,False
613,14.521811,115,0.0,0.004122980381647823,False
614,14.538422,131,0.435599173553719,0.9165522169742851,True
615,14.555067,136,0.0,0.028888777230652418,False
616,14.571467,148,0.0,0.02369108632298267,False
617,14.588233,160,0.0,0.01641376076106249,False
618,14.604967,218,0.44681715575620773,0.7866309568416392,True
619,14.621589,180,0.0,0.01587780122600746,False
620,14.638356,192,0.0,0.01587780122600746,False
621,14.655711,204,0.0,0.011740122855896096,False
622,14.671578,264,0.503727959697733,0.7866811666845679,True
623,14.6892,224,0.0,0.016691805788854208,False
624,14.705233,236,0.0,0.015495329698947846,False
625,14.721744,250,0.0,0.013135319348962948,False
626,14.738522,258,0.503424317617866,0.9634799824542685,True
627,14.754978,270,0.0,0.01299933922027996,False
628,14.771822,282,0.0,0.009888089236352093,False
629,14.7888,294,0.0,0.008789797908719477,False
630,14.804956,3,0.4462373737373737,0.8865386761915393,True
631,14.821933,8,0.0,0.03270454291773639,True
632,14.838411,20,0.0,0.01934833506763789,False
633,14.855033,32,0.0,0.018140579178885674,False
634,14.872056,35,0.5671717171717172,0.9428862382639828,True
635,14.888833,52,0.0,0.0011798088410991392,False
636,14.905211,64,0.0,0.0015091492171288579,False
637,14.921733,76,0.0,0.0008873295163617234,False
638,14.938122,92,0.3191460674157304,0.8349090597117365,True
639,14.9549,98,0.0,0.0059958171361021995,False
640,14.971622,110,0.0,0.0050003367230117,False
641,14.988556,120,0.0,0.0053009747764043436,False
642,15.005189,184,0.5031027253668763,0.8125900244531538,True
643,15.021767,142,0.0,0.0032939179758595394,False
644,15.038344,154,0.0,0.0019261045791042486,False
645,15.0551,164,0.0,0.0005443339027902949,False
646,15.071956,222,0.46756264236902045,0.8128570451202408,True
647,15.088544,186,0.0,0.012519679764177782,False
648,15.105367,196,0.0,0.012519679764177782,False
649,15.121667,207,0.0,0.012787056367432159,False
650,15.138811,265,0.46404040404040403,0.8102120669056153,True
651,15.155267,230,0.0,0.09227042723247658,True
652,15.171922,242,0.0,0.08974213352904858,True
653,15.188667,254,0.0,0.08360775704354184,True
654,15.2053,0,0.4757575757575757,0.771985960734705,True
655,15.221867,276,0.0,0.06584963169926339,True
656,15.2386,288,0.0,0.04472112897095426,True
657,15.2558,298,0.0,0.03178988230333246,True
658,15.271856,7,0.5016161616161616,0.9051357418362664,True
659,15.288711,14,0.0,0.19987969887512247,True
660,15.305333,25,0.0,0.19325585978396087,True
661,15.322022,36,0.0,0.1909575244489855,True
662,15.338467,52,0.47570370370370374,0.9089127837514934,True
663,15.355189,58,0.0,0.03926036696812174,True
664,15.371978,70,0.0,0.03639866938412162,True
665,15.388611,82,0.0,0.032607815932477746,True
666,15.405656,97,0.3857111111111111,0.8928742106161461,True
667,15.422111,102,0.0,0.0024419920769666037,False
668,15.438578,114,0.0,0.0015480741287192679,False
669,15.455411,124,0.0,0.00044384148996745587,False
670,15.472111,184,0.45371069182389934,0.78660994428254,True
671,15.4888,146,0.0,0.008338078808383331,False
672,15.5056,158,0.0,0.0064398887883965195,False
673,15.522433,168,0.0,0.0023978606281892523,False
674,15.538767,232,0.501002331002331,0.8034609134598762,True
675,15.555311,193,0.0,0.0031152647975077885,False
676,15.5723,204,0.0,0.0014769561276896104,False
677,15.588844,214,0.0,0.0,False
678,15.605633,265,0.4718686868686869,0.7661111111111111,True
679,15.621978,236,0.0,0.0,False
680,15.638756,248,0.0,0.0,False
681,15.656833,260,0.0,0.0,False
682,15.673011,275,0.43320707070707065,0.9108191373686119,True
683,15.689533,280,0.0,0.011587995869023704,False
684,15.706744,300,0.0,0.011605337897334755,False
685,15.7225,300,0.0,0.011605337897334755,False
686,15.740122,1,0.5783585858585858,0.9358497352135035,True
687,15.840122,1,0.5786111111111112,0.9423298731257209,True
688,15.857156,1,0.5785858585858585,0.930583460455656,True
689,15.957156,1,0.5785858585858585,0.9340684724237576,True
690,16.057156,1,0.5785858585858585,0.9340560702459352,True
691,16.078489,6,0.0,0.005309682380226,False
692,16.090311,6,0.0,0.005309682380226,False
693,16.106322,18,0.0,0.003009078394165976,False
694,16.123089,18,0.6652525252525252,1.0,True
695,16.139844,18,0.0,0.045667919286626724,True
696,16.156978,28,0.0,0.0338721952177542,True
697,16.173844,40,0.0,0.0316405114792212,True
698,16.190644,56,0.5611980440097799,0.9561744695023313,True
699,16.206833,62,0.0,0.010111662531017362,False
700,16.223544,73,0.0,0.01010764363186345,False
701,16.240289,84,0.0,0.010103719599427796,False
702,16.2559,100,0.4270198675496689,0.9098157978313144,True
703,16.272956,106,0.0,0.0009298708324879668,False
704,16.289344,118,0.0,0.0009211804508759691,False
705,16.306156,128,0.0,0.0009267633626994787,False
706,16.322778,186,0.4536631578947369,0.7936109157091973,True
707,16.339356,154,0.0,0.0012296363291238732,False
708,16.356111,164,0.0,0.0010286515034781951,False
709,16.372644,173,0.0,0.00125755088824131,False
710,16.389467,232,0.4471794871794872,0.7840818725581717,True
711,16.406778,194,0.0,0.006562712848513286,False
712,16.422833,206,0.0,0.0022901319699059064,False
713,16.439411,216,0.0,0.0022420317935121226,False
714,16.456456,265,0.5246464646464646,0.7919952210274791,True
715,16.472711,240,0.0,0.0072711421098518025,False
716,16.489511,250,0.0,0.0009107468123861207,False
717,16.506011,262,0.0,0.0010419271484537473,False
718,16.522722,278,0.4843434343434343,0.9177243578087306,True
719,16.539856,284,0.0,0.005599087058938412,False
720,16.556433,295,0.0,0.0037170930663700252,False
721,16.573011,0,0.0,0.0014913618831466913,False
722,16.590178,16,0.45992424242424246,0.887406828639109,True
723,16.606456,22,0.0,0.012039611914472892,False
724,16.6229,34,0.0,0.010170555677468163,False
725,16.639556,46,0.0,0.007102306896634714,False
726,16.6566,61,0.44335748792270535,0.8740433183103257,True
727,16.673133,66,0.0,0.02308769205430461,False
728,16.690211,78,0.0,0.021998885250470335,False
729,16.706778,90,0.0,0.016693605704197867,False
730,16.7236,105,0.4666593886462882,0.903609428065306,True
731,16.740522,110,0.0,0.006487530024468557,False
732,16.756833,122,0.0,0.004432831987851604,False
733,16.772444,132,0.0,0.0042458044417647,False
734,16.789256,147,0.5122020202020202,0.9331557967373463,True
735,16.805878,156,0.0,0.0011961388581829269,False
736,16.822967,168,0.0,0.001307797094652674,False
737,16.839256,178,0.0,0.0012282406011679958,False
738,16.855878,234,0.4366510538641686,0.7652685862120739,True
739,16.8726,200,0.0,0.0034809455219464436,False
740,16.889589,212,0.0,0.0017573254803732175,False
741,16.906311,222,0.0,0.0014196285020353638,False
742,16.922733,265,0.4634343434343434,0.7886140979689367,True
743,16.941044,244,0.0,0.00892846718737228,False
744,16.956078,256,0.0,0.0061807255994417165,False
745,16.972822,266,0.0,0.0017642063463585433,False
746,16.989878,283,0.4942676767676768,0.9272974422744008,True
747,17.006233,288,0.0,0.02260577972315203,False
748,17.023022,300,0.0,0.017446763651697283,False
749,17.039611,4,0.0,0.008204040629534504,False
750,17.056022,16,0.5037373737373738,0.9361349853034193,True
751,17.0727,28,0.0,0.0008132027299062594,False
752,17.089789,39,0.0,0.0010349613897273624,False
753,17.106367,49,0.0,0.0007042591194064141,False
754,17.122867,65,0.4488038277511962,0.9089554699737366,True
755,17.1395,75,0.0,0.0024610025745872566,False
756,17.156056,82,0.0,0.00244247889929472,False
757,17.1728,92,0.0,0.0013555250514756256,False
758,17.189533,111,0.4317025862068965,0.8933588975971835,True
759,17.206133,116,0.0,0.007054009088980462,False
760,17.222833,128,0.0,0.008821000681115243,False
761,17.2399,140,0.0,0.009262050715171055,False
762,17.256278,200,0.4579392624728851,0.8605472370169386,True
763,17.272867,160,0.0,0.023102089125604297,False
764,17.2896,172,0.0,0.018222624191873482,False
765,17.306244,182,0.0,0.013345950714054422,False
766,17.322944,248,0.5230750605326877,0.8110042096129266,True
767,17.339656,204,0.0,0.0010909335034070544,False
768,17.356078,216,0.0,0.0009914227766636419,False
769,17.372867,228,0.0,0.0010041197599293117,False
770,17.389422,244,0.4926618705035971,0.9131378935939196,True
771,17.406067,254,0.0,0.001965227860203256,False
772,17.422667,262,0.0,0.0021017159051667234,False
773,17.439611,272,0.0,0.0033504316728678596,False
774,17.456256,0,0.4536868686868687,0.8242549391673177,True
775,17.473078,298,0.00010101010101004615,0.17658530838015152,True
776,17.489722,0,0.0,0.1781820887747888,True
777,17.506711,10,0.0,0.17242437772072772,True
778,17.523078,27,0.48823232323232324,0.8865745007680491,True
779,17.539889,32,5.0505050505078586e-05,0.09664589442815252,True
780,17.5564,43,0.0,0.09445108190627904,True
781,17.572844,54,0.0,0.09230980139713418,True
782,17.589711,68,0.49672209026128267,0.9265859041179509,True
783,17.606756,77,0.0,0.21423714036617258,True
784,17.623522,88,0.0,0.20897378457862326,True
785,17.639878,100,0.0,0.20471791207295498,True
786,17.656389,116,0.38130063965884864,0.9145926149242399,True
787,17.673311,126,0.0,0.010092508848915216,False
788,17.689533,134,0.0,0.013327806250628127,False
789,17.706233,144,0.0,0.014370415033664985,False
790,17.722911,202,0.435599128540305,0.8223014995701158,True
791,17.739867,169,0.0,0.009894315479181293,False
792,17.756422,178,0.0,0.012673209839323851,False
793,17.773278,188,0.0,0.014011712949005717,False
794,17.790189,248,0.4646973365617434,0.8121621463162956,True
795,17.806867,210,0.0,0.388191746889602,True
796,17.823022,222,0.0,0.38693143593427515,True
797,17.839733,232,0.0,0.3835355945095599,True
798,17.856244,249,0.5211165048543689,0.9418697469127107,True
799,17.873089,254,0.0,0.016875582781535114,False
800,17.889889,266,0.0,0.015300752329350464,False
801,17.9066,278,0.0,0.013668157738419895,False
802,17.923156,293,0.4866666666666667,0.9655963302752294,True
803,17.940056,298,0.0,0.066919050985353,True
804,17.956367,4,0.0,0.066919050985353,True
805,17.973378,13,0.0,0.060868338480237094,True
806,17.989678,33,0.4577525252525253,0.9114642451759365,True
807,18.006556,38,0.0,0.03427267652127475,True
808,18.023389,50,0.0,0.0330124290538113,True
809,18.040044,60,0.0,0.03354590024158022,True
810,18.056522,77,0.44199999999999995,0.90581226387678,True
811,18.073222,82,0.0,0.1796450456700197,True
812,18.089989,94,0.0,0.17165062895235483,True
813,18.106511,104,0.0,0.16855714059817473,True
814,18.123211,121,0.48447257383966247,0.9241952232606438,True
815,18.139844,126,0.0,0.21177101128864773,True
816,18.156289,146,0.0,0.20512734621869377,True
817,18.173356,146,0.0,0.20512734621869377,True
818,18.1905,208,0.6170419426048566,0.9045797238233279,True
819,18.2905,208,0.6169315673289183,0.9045797238233279,True
820,18.3076,208,0.6169315673289183,0.9045797238233279,True
821,18.4076,208,0.6171081677704194,0.9045797238233279,True
822,18.5076,208,0.6171081677704194,0.9045797238233279,True
823,18.549111,168,0.0,0.005940218180194079,False
824,18.559233,168,0.0,0.0049855402583771635,False
825,18.574389,180,0.0,0.005588494735314198,False
826,18.591756,238,0.5908510638297872,0.8876100497616314,True
827,18.608211,180,0.0,0.2078420370928662,True
828,18.624989,190,0.0,0.2034999274221463,True
829,18.641378,214,0.0,0.20297112264396278,True
830,18.659033,265,0.6253787878787879,0.8608676821983273,True
831,18.675378,229,0.0001388888888889106,0.0161835998529547,False
832,18.6933,236,0.0,0.018782480873178464,False
833,18.7098,248,0.0,0.01755813135399442,False
834,18.726244,258,0.5029280397022333,0.9723002691135849,True
835,18.742311,270,0.0,0.007956388538475356,False
836,18.759244,282,0.0,0.008064516129032251,False
837,18.775522,290,0.0,0.010410138248847955,False
838,18.791578,0,0.5043181818181819,0.9226104103880641,True
839,18.808656,6,0.0,0.018183142959903753,False
840,18.825422,17,0.0,0.021444915727201752,False
841,18.841111,27,0.0,0.026718894009216565,False
842,18.858078,43,0.48363636363636364,0.9191919191919192,True
843,18.875367,53,0.0,0.013675068323129591,False
844,18.892022,64,0.0,0.017011825598943542,False
845,18.914333,74,0.0,0.01918019499451873,False
846,18.925844,91,0.43418918918918914,0.8923070757039633,True
847,18.9421,96,0.0,0.014468858210315294,False
848,18.959489,96,0.0,0.014468858210315294,False
849,18.975411,118,0.0,0.01005342846615076,False
850,18.9907,135,0.509672131147541,0.9510657778671043,True
851,19.007589,142,0.0,0.004778972520907976,False
852,19.024111,152,0.0,0.004457955091057286,False
853,19.040878,164,0.0,0.004667314284438229,False
854,19.057756,222,0.47776765375854213,0.8907085599607749,True
855,19.074267,188,0.0,0.16903661273573845,True
856,19.091,198,0.0,0.15432843153675235,True
857,19.107378,210,0.0,0.1413176265270506,True
858,19.124344,265,0.4544949494949495,0.7976403823178017,True
859,19.141044,235,4.6948356807519076e-05,0.015221412880101703,False
860,19.157644,245,0.0,0.015351799906498376,False
861,19.174267,251,0.0,0.028581680431048695,False
862,19.191267,267,0.4947222222222222,0.9376391982182628,True
863,19.207878,274,0.0,0.023041043650362636,False
864,19.224356,282,0.0,0.02681778881866559,False
865,19.240667,294,0.0,0.02441576237917109,False
866,19.257533,7,0.5019949494949495,0.908881199538639,True
867,19.274333,12,0.0,0.008697027197975937,False
868,19.291433,24,0.0,0.002783737792246277,False
869,19.308544,36,0.0,0.003284192088746196,False
870,19.326089,51,0.4773267326732673,0.9054505005561735,True
871,19.342889,63,9.61538461538014e-05,0.20002242602362996,True
872,19.359,70,0.0,0.2040199592381755,True
873,19.375722,80,0.0,0.20112625139043383,True
874,19.392356,96,0.4114253897550111,0.9290254237288136,True
875,19.408867,102,0.0,0.2040492359932088,True
876,19.424678,114,0.0,0.19858661390919452,True
877,19.441056,126,0.0,0.19501808863430814,True
878,19.4576,184,0.46752620545073376,0.8700116682857111,True
879,19.474433,146,0.0,0.2014063354883373,True
880,19.491133,158,0.0,0.1972219430766311,True
881,19.508667,168,0.0,0.19834969126497615,True
882,19.524389,232,0.4848018648018648,0.8628355172930424,True
883,19.541089,190,0.0,0.18988041402874078,True
884,19.558189,200,0.0,0.18988041402874078,True
885,19.574567,212,0.0,0.18790125128343993,True
886,19.591578,265,0.5349242424242424,0.8341666666666667,True
887,19.6078,232,0.0,0.04685141006580695,True
888,19.624956,244,0.0,0.04498528948197966,True
889,19.6425,258,0.0,0.0424298467119536,True
890,19.6592,275,0.4198484848484848,0.9325842696629214,True
891,19.676367,283,0.0,0.011069660839246098,False
892,19.692789,292,0.0,0.012741873899173584,False
893,19.709433,0,0.0,0.01032636330939718,False
894,19.7261,13,0.4790909090909091,0.9181084198385236,True
895,19.741444,21,0.0,0.22441751116720488,True
896,19.757889,33,0.0,0.2216155273211038,True
897,19.774778,41,0.0,0.22032427398188126,True
898,19.791589,57,0.47736585365853657,0.9292817679558011,True
899,19.807867,62,0.0,0.18729617157036516,True
900,19.824711,74,0.0,0.18398380099363232,True
901,19.841322,84,0.0,0.17886294937468272,True
902,19.858044,101,0.4446035242290749,0.9196550981791812,True
903,19.874411,106,0.0,0.02837233155248975,False
904,19.891033,118,0.0,0.025305943567927258,False
905,19.907922,130,0.0,0.025130081845487373,False
906,19.924689,188,0.46545454545454545,0.8095808349802923,True
907,19.941233,150,0.0,0.07316964235866863,True
908,19.958622,162,0.0,0.0690159559619915,True
909,19.975067,174,0.0,0.061534854118514004,True
910,19.991511,232,0.45272727272727276,0.8523320540746119,True
911,20.008389,194,0.0,0.00990129411896068,False
912,20.025089,205,0.0,0.011567540322580672,False
913,20.042011,219,0.0,0.011555445679601761,False
914,20.058233,265,0.5075757575757576,0.7982078853046595,True
915,20.074767,240,0.0,0.02926184248764896,False
916,20.091144,252,0.0,0.02812717144236776,False
917,20.107867,262,0.0,0.02954607699543932,False
918,20.124589,274,0.5049494949494949,0.9639465141257256,True
919,20.141356,284,0.0,0.007493927965532832,False
920,20.158533,296,0.0,0.004169914745659975,False
921,20.174544,2,0.0,0.0016153836613709283,False
922,20.1913,18,0.4693434343434344,0.8938869665513264,True
923,20.207956,27,0.00022727272727274261,0.008258064516128982,False
924,20.224633,36,0.00012626262626258544,0.010214445579720732,False
925,20.241311,49,0.00014925373134333508,0.00925126766641493,False
926,20.257956,63,0.43262019230769233,0.8999740330252706,True
927,20.274822,68,0.0,0.016434239564257824,False
928,20.291544,80,0.0,0.010578883945124185,False
929,20.3084,90,0.0,0.005995368778228705,False
930,20.324689,107,0.4606521739130435,0.8941113550638968,True
931,20.341689,112,0.0,0.20075604838709682,True
932,20.358033,123,0.0,0.19742851081410018,True
933,20.374722,133,0.0,0.19742851081410018,True
934,20.391444,149,0.48997979797979796,0.9460020768431984,True
935,20.408122,154,0.0,0.036939336080125895,True
936,20.424744,164,0.0,0.02808762938398146,False
937,20.441422,178,0.0,0.0363950021773356,True
938,20.458489,236,0.4601411764705883,0.7833171290669815,True
939,20.474722,202,4.357298474944038e-05,0.06984222691186814,True
940,20.4915,214,0.0,0.06756894270886338,True
941,20.508189,224,0.0,0.05957971958451891,True
942,20.525122,265,0.4545707070707071,0.7987514934289128,True
943,20.541522,246,0.0,0.04257783705991791,True
944,20.558189,258,0.0,0.04105464072743659,True
945,20.574822,268,0.0,0.0263722563862816,False
946,20.592433,284,0.48989898989898994,0.9306201408467895,True
947,20.609744,299,0.0,0.004157830114968175,False
948,20.625522,299,0.0,0.004157830114968175,False
949,20.641956,299,0.0,0.004157830114968175,False
950,20.659478,0,0.7781060606060606,1.0,True
951,20.759478,0,0.7784090909090909,1.0,True
952,20.777589,0,0.7784090909090909,1.0,True
953,20.877589,0,0.7784090909090909,1.0,True
954,20.977589,0,0.7784090909090909,1.0,True
955,20.985233,4,0.0,0.018590864555816045,False
956,20.998133,4,0.0,0.018590864555816045,False
957,21.009778,16,0.0,0.004185735015068692,False
958,21.026756,16,0.6648484848484848,1.0,True
959,21.044467,16,0.0,0.00692041522491349,False
960,21.060933,26,0.0,0.009088728131689705,False
961,21.077256,38,0.0,0.007836962062185981,False
962,21.093878,53,0.5700492610837438,0.9578246392896781,True
963,21.110367,60,0.0,0.0038368622992752677,False
964,21.127967,71,0.0,0.0037909368528203924,False
965,21.143844,82,0.0,0.0035379812695108814,False
966,21.160133,99,0.3943362831858407,0.9016645660887239,True
967,21.176044,104,0.0,0.006446530224993197,False
968,21.193678,114,0.0,0.0030598216082087237,False
969,21.209756,124,0.0,0.0023336571422191144,False
970,21.226556,186,0.4846315789473684,0.7975077881619937,True
971,21.243333,148,0.0,0.0035423575520048267,False
972,21.259878,158,0.0,0.0033413727263591486,False
973,21.276311,171,0.0,0.0030287296642437234,False
974,21.293178,232,0.4649417249417249,0.8015305005243808,True
975,21.309544,197,0.0,0.008860081063879699,False
976,21.326833,206,0.0,0.007854283696054343,False
977,21.344033,216,0.0,0.0058295659267819655,False
978,21.359956,265,0.532878787878788,0.7980884109916369,True
979,21.3754,238,0.0,0.01248390576608549,False
980,21.392033,249,0.0,0.006039583039864738,False
981,21.408711,260,0.0,0.00601200023762849,False
982,21.425856,276,0.4715404040404041,0.9280089988751405,True
983,21.442433,282,0.0,0.02317977569137475,False
984,21.458778,294,0.0,0.012018073404688745,False
985,21.475578,0,0.0,0.010920117572645771,False
986,21.492133,15,0.42580808080808086,0.8800461361014994,True
987,21.508944,20,0.0,0.045711312620781874,True
988,21.525278,32,0.0,0.04304435483870972,True
989,21.542278,43,0.0,0.03422214981354765,True
990,21.558922,59,0.4628640776699029,0.9028405116714681,True
991,21.575633,64,0.0,0.21529251556310125,True
992,21.592167,76,0.0,0.20146453009356236,True
993,21.609344,86,0.0,0.19723670880246824,True
994,21.625956,101,0.47916299559471365,0.9250541033572408,True
995,21.642522,108,0.0,0.031726616277500286,True
996,21.658833,121,0.0,0.02203854442322939,False
997,21.675333,132,0.0,0.02203854442322939,False
998,21.692489,188,0.4429175475687104,0.8245067497403946,True
999,21.708833,154,0.0,0.03712636362621291,True
1000,21.725744,166,0.0,0.03712636362621291,True
1001,21.742467,178,0.0,0.034861097153831566,True
1002,21.759211,234,0.4443091334894613,0.8011561160966933,True
1003,21.775611,210,0.0,0.006340426729719129,False
1004,21.792189,210,0.0,0.005808422000788127,False
1005,21.809011,222,0.0,0.0036987308863271062,False
1006,21.8259,265,0.484469696969697,0.7959856630824373,True
1007,21.842822,242,0.0,0.010371159962254906,False
1008,21.859289,254,0.0,0.003921603342657787,False
1009,21.875833,266,0.0,0.0028765533986389036,False
1010,21.892622,281,0.502020202020202,0.9276018099547512,True
1011,21.909367,288,0.0,0.017756648398131514,False
1012,21.926022,300,0.0,0.009887636268928857,False
1013,21.942778,4,0.0,0.00873423373144322,False
1014,21.959656,20,0.4845959595959596,0.9112903225806451,True
1015,21.976244,24,0.0,0.005567475584492443,False
1016,21.992733,36,0.0,0.0048350605750985265,False
1017,22.009067,48,0.0,0.0014250912058372256,False
1018,22.025967,63,0.44408653846153845,0.9021694227069391,True
1019,22.042256,68,0.0,0.011277996900971976,False
1020,22.058511,80,0.0,0.011132160734149021,False
1021,22.075367,94,0.0,0.007782001232792268,False
1022,22.091778,109,0.4367532467532468,0.8838833271536275,True
1023,22.108678,114,0.0,0.009816578364965411,False
1024,22.1254,126,0.0,0.008767963018792124,False
1025,22.142022,140,0.0,0.005563371632108405,False
1026,22.159244,200,0.4787418655097614,0.8120317332708047,True
1027,22.175878,158,0.0,0.037907971281501585,True
1028,22.192067,170,0.0,0.029488940251677698,False
1029,22.209,182,0.0,0.02845051865250836,False
1030,22.225611,240,0.49935866983372923,0.8464864864864865,True
1031,22.242378,208,0.0,0.006643183784451834,False
1032,22.258767,216,0.0,0.007345026456824999,False
1033,22.275444,226,0.0,0.00440442245811723,False
1034,22.292189,265,0.4763636363636363,0.8566666666666667,True
1035,22.308878,251,0.0,0.00949389426131153,False
1036,22.325444,260,0.0,0.010406641715677512,False
1037,22.342144,272,0.0,0.0056487736155763635,False
1038,22.358856,0,0.46424242424242423,0.8418412273195173,True
1039,22.375533,292,0.0,0.03201788419613494,True
1040,22.392667,0,0.0,0.01955203333705402,False
1041,22.408878,8,0.0,0.015653098684128897,False
1042,22.425956,23,0.5025252525252526,0.9115958668197475,True
1043,22.442544,28,0.0,0.01417734570628959,False
1044,22.459044,40,0.0,0.01285963382737576,False
1045,22.475567,53,0.0,0.012674089721098403,False
1046,22.492267,69,0.43554502369668247,0.9017190229945709,True
1047,22.508989,80,0.0,0.0035050519095291,False
1048,22.5257,87,0.0,0.0045598297970214086,False
1049,22.542356,98,0.0,0.003469617404351033,False
1050,22.558933,114,0.44077087794432546,0.947896407573827,True
1051,22.575456,123,0.0,0.014987326790160682,False
1052,22.592244,132,0.0,0.015445125559686912,False
1053,22.609033,142,0.0,0.012423374535222576,False
1054,22.625667,200,0.4251409978308026,0.8349467948503222,True
1055,22.642411,164,0.0,0.18046204178251213,True
1056,22.659133,176,0.0,0.10949904532207821,True
1057,22.676167,186,0.0,0.11361923424781428,True
1058,22.692722,248,0.48460048426150126,0.8074717697963204,True
1059,22.7092,208,2.207505518758701e-05,0.021058752148852222,False
1060,22.725489,220,0.0,0.00993628036638794,False
1061,22.742644,230,0.0,0.003602438042665801,False
1062,22.758956,242,0.5221957040572792,0.9739978331527628,True
1063,22.775867,252,0.0,0.011650708405469334,False
1064,22.792544,264,0.0,0.00980093802584936,False
1065,22.809622,274,0.0,0.007753762234049,False
1066,22.825822,290,0.5022474747474748,0.9382857142857143,True
1067,22.842767,296,0.0,0.23400089090166676,True
1068,22.858678,0,0.0,0.23454068534434647,True
1069,22.875678,14,0.0,0.22481427738710913,True
1070,22.892133,31,0.4539646464646465,0.9452518135222088,True
1071,22.909156,39,0.0,0.022766119940357155,False
1072,22.925411,51,0.0,0.02246223402346692,False
1073,22.942178,60,0.0,0.02048694993131539,False
1074,22.958756,75,0.4455140186915888,0.9173918615081723,True
1075,22.975756,80,0.0,0.2149726548016314,True
1076,22.992133,92,0.0,0.20711507664150075,True
1077,23.009289,102,0.0,0.20578381437464632,True
1078,23.025767,119,0.49317796610169495,0.952232606438214,True
1079,23.0421,124,0.0,0.06039594010652194,True
1080,23.058489,144,0.0,0.05889692828191473,True
1081,23.075567,146,0.0,0.052543574626782386,True
1082,23.091933,151,0.5991919191919192,1.0,True
1083,23.1099,146,0.0,0.028774327538270805,False
1084,23.125533,146,0.0,0.025834924463203013,False
1085,23.142389,146,0.0,0.025834924463203013,False
1086,23.159067,144,0.8684444444444445,1.0,True
1087,23.175689,146,0.0,0.19106957424714432,True
1088,23.192722,144,0.0,0.1900311526479751,True
1089,23.209044,144,0.0,0.1900311526479751,True
1090,23.225878,144,0.8946262626262627,1.0,True
1091,23.242833,144,0.0,0.37798546209761164,True
1092,23.259244,144,0.0,0.37798546209761164,True
1093,23.275978,144,0.0,0.37798546209761164,True
1094,23.292856,0,1.0,0.986159169550173,True
1095,23.309822,142,0.0,0.5680166147455867,True
1096,23.326878,142,0.0,0.5680166147455867,True
1097,23.343144,142,0.0,0.5680166147455867,True
1098,23.360178,142,0.8783838383838384,1.0,True
1099,23.377411,142,0.0003232323232322809,0.21079958463136028,True
1100,23.393322,142,0.0,0.21079958463136028,True
1101,23.409844,142,0.0,0.21079958463136028,True
1102,23.427578,0,1.0,1.0,True
1103,23.527578,0,1.0,1.0,True
1104,23.544144,0,1.0,1.0,True
1105,23.644144,0,1.0,1.0,True
1106,23.744144,0,1.0,1.0,True
1107,23.844144,0,1.0,1.0,True
1108,23.944144,0,1.0,1.0,True
1109,24.044144,0,1.0,1.0,True
1110,24.080733,0,1.0,1.0,True
1111,24.180733,0,1.0,1.0,True
1112,24.1961,0,1.0,1.0,True
1113,24.2961,0,1.0,1.0,True
1114,24.3961,0,1.0,1.0,True
1115,24.4961,0,1.0,1.0,True
1116,24.5961,0,1.0,1.0,True
1117,24.6961,0,1.0,1.0,True
1118,24.7961,0,1.0,1.0,True
1119,24.8961,0,1.0,1.0,True
1120,24.9961,0,1.0,1.0,True
1121,25.0961,0,1.0,1.0,True
1122,25.1961,0,1.0,1.0,True
1123,27.067078,0,1.0,1.0,True
1124,27.167078,0,1.0,1.0,True
1125,27.182989,0,1.0,1.0,True
1126,27.282989,0,1.0,1.0,True
1127,27.382989,0,1.0,1.0,True
1128,27.449456,0,1.0,1.0,True
1129,27.464244,0,1.0,1.0,True
1130,27.564244,0,1.0,1.0,True
1131,27.580678,0,1.0,1.0,True
1132,27.680678,0,1.0,1.0,True
1133,27.780678,0,1.0,1.0,True
1134,27.880678,0,1.0,1.0,True
1135,27.980678,0,1.0,1.0,True
1136,28.080678,0,1.0,1.0,True
1137,28.180678,0,1.0,1.0,True
1138,28.280678,0,1.0,1.0,True
1139,28.380678,0,1.0,1.0,True
1140,28.480678,0,1.0,1.0,True
1141,28.515867,0,1.0,1.0,True
1142,28.531033,0,1.0,1.0,True
1143,28.631033,0,1.0,1.0,True
1144,28.664233,0,1.0,1.0,True
1145,28.764233,0,1.0,1.0,True
1146,28.864233,0,1.0,1.0,True
1147,28.964233,0,1.0,1.0,True
1148,29.064233,0,1.0,1.0,True
1149,29.081078,0,1.0,1.0,True
1150,29.181078,0,1.0,1.0,True
1151,29.197111,0,1.0,1.0,True
1152,29.297111,0,1.0,1.0,True
1153,29.397111,0,1.0,1.0,True
1154,29.497111,0,1.0,1.0,True
1155,29.597111,0,1.0,1.0,True
1156,29.697111,0,1.0,1.0,True
1157,29.797111,0,1.0,1.0,True
1158,29.897111,0,1.0,1.0,True
1159,29.997111,0,1.0,1.0,True
1160,30.065711,0,1.0,1.0,True
1161,30.165711,0,1.0,1.0,True
1162,30.181422,0,1.0,1.0,True
1163,30.281422,0,1.0,1.0,True
1164,30.381422,0,1.0,1.0,True
1165,30.481422,0,1.0,1.0,True
1166,30.581422,0,1.0,1.0,True
1167,30.681422,0,1.0,1.0,True
1168,30.781422,0,1.0,1.0,True
1169,30.881422,0,1.0,1.0,True
1170,30.981422,0,1.0,1.0,True
1171,31.081422,0,1.0,1.0,True
1172,31.181422,0,1.0,1.0,True
1173,32.117467,0,1.0,1.0,True
1174,32.217467,0,1.0,1.0,True
1175,32.232956,0,1.0,1.0,True
1176,32.332956,0,1.0,1.0,True
1177,32.432956,0,1.0,1.0,True
1178,32.532956,0,1.0,1.0,True
1179,32.632956,0,1.0,1.0,True
1180,32.732956,0,1.0,1.0,True
1181,32.832956,0,1.0,1.0,True
1182,32.932956,0,1.0,1.0,True
1183,33.032956,0,1.0,1.0,True
1184,33.085422,0,1.0,1.0,True
1185,33.185422,0,1.0,1.0,True
1186,33.199833,0,1.0,1.0,True
1187,33.299833,0,1.0,1.0,True
1188,33.399833,0,1.0,1.0,True
1189,33.499833,0,1.0,1.0,True
1190,33.599833,0,1.0,1.0,True
1191,33.699833,0,1.0,1.0,True
1192,33.799833,0,1.0,1.0,True
1193,33.899833,0,1.0,1.0,True
1194,33.999833,0,1.0,1.0,True
1195,34.099833,0,1.0,1.0,True
1196,34.199833,0,1.0,1.0,True
1197,36.080622,0,1.0,1.0,True
1198,36.180622,0,1.0,1.0,True
1199,36.197378,0,1.0,1.0,True
1200,36.297378,0,1.0,1.0,True
1201,36.397378,0,1.0,1.0,True
1202,36.497378,0,1.0,1.0,True
1203,36.597378,0,1.0,1.0,True
1204,36.697378,0,1.0,1.0,True
1205,36.797378,0,1.0,1.0,True
1206,36.897378,0,1.0,1.0,True
1207,36.997378,0,1.0,1.0,True
1208,37.097378,0,1.0,1.0,True
1209,37.197378,0,1.0,1.0,True
1210,39.0731,0,1.0,1.0,True
1211,39.1731,0,1.0,1.0,True
1212,39.189233,0,1.0,1.0,True
1213,39.289233,0,1.0,1.0,True
1214,39.389233,0,1.0,1.0,True
1215,39.489233,0,1.0,1.0,True
1216,39.589233,0,1.0,1.0,True
1217,39.689233,0,1.0,1.0,True
1218,39.789233,0,1.0,1.0,True
1219,39.889233,0,1.0,1.0,True
1220,39.989233,0,1.0,1.0,True
1221,40.089233,0,1.0,1.0,True
1222,40.189233,0,1.0,1.0,True
1223,42.072333,0,1.0,1.0,True
1224,42.172333,0,1.0,1.0,True
1225,42.189111,0,1.0,1.0,True
1226,42.289111,0,1.0,1.0,True
1227,42.389111,0,1.0,1.0,True
1228,42.489111,0,1.0,1.0,True
1229,42.589111,0,1.0,1.0,True
1230,42.689111,0,1.0,1.0,True
1231,42.789111,0,1.0,1.0,True
1232,42.889111,0,1.0,1.0,True
1233,42.989111,0,1.0,1.0,True
1234,43.089111,0,1.0,1.0,True
1235,43.189111,0,1.0,1.0,True
1236,45.074844,0,1.0,1.0,True
1237,45.174844,0,1.0,1.0,True
1238,45.189133,0,1.0,1.0,True
1239,45.289133,0,1.0,1.0,True
1240,45.389133,0,1.0,1.0,True
1241,45.489133,0,1.0,1.0,True
1242,45.589133,0,1.0,1.0,True
1243,45.689133,0,1.0,1.0,True
1244,45.789133,0,1.0,1.0,True
1245,45.889133,0,1.0,1.0,True
1246,45.989133,0,1.0,1.0,True
1247,46.089133,0,1.0,1.0,True
1248,46.189133,0,1.0,1.0,True
1249,48.075289,0,1.0,1.0,True
1250,48.175289,0,1.0,1.0,True
1251,48.191822,0,1.0,1.0,True
1252,48.291822,0,1.0,1.0,True
1253,48.391822,0,1.0,1.0,True
1254,48.491822,0,1.0,1.0,True
1255,48.591822,0,1.0,1.0,True
1256,48.691822,0,1.0,1.0,True
1257,48.791822,0,1.0,1.0,True
1258,48.891822,0,1.0,1.0,True
1259,48.991822,0,1.0,1.0,True
1260,49.091822,0,1.0,1.0,True
1261,49.191822,0,1.0,1.0,True
1262,50.325833,0,1.0,1.0,True
1263,50.425833,0,1.0,1.0,True
1264,50.441289,0,1.0,1.0,True
1265,50.541289,0,1.0,1.0,True
1266,50.641289,0,1.0,1.0,True
1267,50.741289,0,1.0,1.0,True
1268,50.841289,0,1.0,1.0,True
1269,50.941289,0,1.0,1.0,True
1270,51.041289,0,1.0,1.0,True
1271,51.081422,0,1.0,1.0,True
1272,51.181422,0,1.0,1.0,True
1273,51.192489,0,1.0,1.0,True
1274,51.292489,0,1.0,1.0,True
1275,51.392489,0,1.0,1.0,True
1276,51.492489,0,1.0,1.0,True
1277,51.592489,0,1.0,1.0,True
1278,51.692489,0,1.0,1.0,True
1279,51.792489,0,1.0,1.0,True
1280,51.892489,0,1.0,1.0,True
1281,51.992489,0,1.0,1.0,True
1282,52.092489,0,1.0,1.0,True
1283,52.192489,0,1.0,1.0,True
1284,53.344489,0,1.0,1.0,True
1285,53.444489,0,1.0,1.0,True
1286,53.459622,0,1.0,1.0,True
1287,53.559622,0,1.0,1.0,True
1288,53.659622,0,1.0,1.0,True
1289,53.759622,0,1.0,1.0,True
1290,53.859622,0,1.0,1.0,True
1291,53.959622,0,1.0,1.0,True
1292,54.059622,0,1.0,1.0,True
1293,54.078756,0,1.0,1.0,True
1294,54.178756,0,1.0,1.0,True
1295,54.194856,0,1.0,1.0,True
1296,54.294856,0,1.0,1.0,True
1297,54.394856,0,1.0,1.0,True
1298,54.494856,0,1.0,1.0,True
1299,54.594856,0,1.0,1.0,True
1300,54.694856,0,1.0,1.0,True
1301,54.794856,0,1.0,1.0,True
1302,54.894856,0,1.0,1.0,True
1303,54.994856,0,1.0,1.0,True
1304,55.094856,0,1.0,1.0,True
1305,55.194856,0,1.0,1.0,True
1306,57.081956,0,1.0,1.0,True
1307,57.181956,0,1.0,1.0,True
1308,57.196089,0,1.0,1.0,True
1309,57.296089,0,1.0,1.0,True
1310,57.394522,0,1.0,1.0,True
1311,57.494522,0,1.0,1.0,True
1312,57.512311,0,1.0,1.0,True
1313,57.612311,0,1.0,1.0,True
1314,57.712311,0,1.0,1.0,True
1315,57.812311,0,1.0,1.0,True
1316,57.912311,0,1.0,1.0,True
1317,58.012311,0,1.0,1.0,True
1318,58.112311,0,1.0,1.0,True
1319,58.212311,0,1.0,1.0,True
1320,58.312311,0,1.0,1.0,True
1321,58.412311,0,1.0,1.0,True
1322,58.512311,0,1.0,1.0,True
